dataset,mode,inputs_used,training_objective,train_size,val_size,train_class_distribution,val_class_distribution,accuracy,balanced_accuracy,macro_f1,recall_y0,recall_y1,confusion_matrix,majority_baseline,collapse_status,runtime_sec,output_dir
tau2,proposed_only,X and S,stability_asymmetric_recon(delta=10.0) + lambda_mmd=0.01 * MMD,74,19,"{""0"": 48, ""1"": 26}","{""0"": 12, ""1"": 7}",0.631578947368421,0.5,0.3870967741935484,1.0,0.0,"[[12,0],[7,0]]",0.631578947368421,collapsed to Y=0,1.0378859170014039,/Users/xuyida/Research/physics_informed_testing/results/tau2_proposed_only_5ep
tau2,label_bce,X only,binary cross-entropy on benchmark success label,74,19,"{""0"": 48, ""1"": 26}","{""0"": 12, ""1"": 7}",0.5263157894736842,0.4464285714285714,0.4242424242424242,0.75,0.14285714285714285,"[[9,3],[6,1]]",0.631578947368421,not collapsed,2.4200941669987515,/Users/xuyida/Research/physics_informed_testing/results/tau2_label_bce_5ep
tau2,reconstruction_only,X and S,"plain sequence reconstruction MSE (asym_recon_delta=1, lambda_mmd=0)",74,19,"{""0"": 48, ""1"": 26}","{""0"": 12, ""1"": 7}",0.631578947368421,0.5,0.3870967741935484,1.0,0.0,"[[12,0],[7,0]]",0.631578947368421,collapsed to Y=0,0.9629168749088421,/Users/xuyida/Research/physics_informed_testing/results/tau2_reconstruction_only_5ep
bfcl,proposed_only,X and S,stability_asymmetric_recon(delta=10.0) + lambda_mmd=0.01 * MMD,992,248,"{""0"": 153, ""1"": 839}","{""0"": 28, ""1"": 220}",0.11290322580645161,0.5,0.10144927536231885,1.0,0.0,"[[28,0],[220,0]]",0.8870967741935484,collapsed to Y=0,1.7435429169563577,/Users/xuyida/Research/physics_informed_testing/results/bfcl_proposed_only_5ep
bfcl,label_bce,X only,binary cross-entropy on benchmark success label,992,248,"{""0"": 153, ""1"": 839}","{""0"": 28, ""1"": 220}",0.8870967741935484,0.5,0.4700854700854701,0.0,1.0,"[[0,28],[0,220]]",0.8870967741935484,collapsed to Y=1,0.7254923339933157,/Users/xuyida/Research/physics_informed_testing/results/bfcl_label_bce_5ep
bfcl,reconstruction_only,X and S,"plain sequence reconstruction MSE (asym_recon_delta=1, lambda_mmd=0)",992,248,"{""0"": 153, ""1"": 839}","{""0"": 28, ""1"": 220}",0.11290322580645161,0.5,0.10144927536231885,1.0,0.0,"[[28,0],[220,0]]",0.8870967741935484,collapsed to Y=0,1.756489458028227,/Users/xuyida/Research/physics_informed_testing/results/bfcl_reconstruction_only_5ep
apibank,proposed_only,X and S,stability_asymmetric_recon(delta=10.0) + lambda_mmd=0.01 * MMD,812,204,"{""0"": 408, ""1"": 404}","{""0"": 100, ""1"": 104}",0.5098039215686274,0.5,0.33766233766233766,0.0,1.0,"[[0,100],[0,104]]",0.5098039215686274,collapsed to Y=1,11.897909249993972,/Users/xuyida/Research/physics_informed_testing/results/apibank_proposed_only_5ep
apibank,label_bce,X only,binary cross-entropy on benchmark success label,812,204,"{""0"": 408, ""1"": 404}","{""0"": 100, ""1"": 104}",0.5490196078431373,0.5478846153846153,0.5468855625301785,0.49,0.6057692307692307,"[[49,51],[41,63]]",0.5098039215686274,not collapsed,0.7091489579761401,/Users/xuyida/Research/physics_informed_testing/results/apibank_label_bce_5ep
apibank,reconstruction_only,X and S,"plain sequence reconstruction MSE (asym_recon_delta=1, lambda_mmd=0)",812,204,"{""0"": 408, ""1"": 404}","{""0"": 100, ""1"": 104}",0.5098039215686274,0.5,0.33766233766233766,0.0,1.0,"[[0,100],[0,104]]",0.5098039215686274,collapsed to Y=1,11.565899124951102,/Users/xuyida/Research/physics_informed_testing/results/apibank_reconstruction_only_5ep
