bank,token
properties,Alpenblick
properties,Alte
properties,Alvarinho
properties,Amberfield
properties,Animas
properties,Arriero
properties,Asimeniou
properties,Auberge
properties,Azul
properties,Bavard
properties,Bayfront
properties,Bialym
properties,Bocianem
properties,Brycgstow
properties,Cansado
properties,Casona
properties,Chnoc
properties,Chouettes
properties,Degirmen
properties,Descalzo
properties,Elmsworth
properties,Fala
properties,Feggariou
properties,Fernbrook
properties,Fjellstua
properties,Fogado
properties,Frantoio
properties,Gasthaus
properties,Gasthof
properties,Gjestgiveri
properties,Gufo
properties,Gullwing
properties,Hanul
properties,Harborview
properties,Harom
properties,Herberge
properties,Hollohoz
properties,Hospederia
properties,Hostal
properties,Ivorygate
properties,Kirik
properties,Krummen
properties,Kuria
properties,Kvarnviken
properties,Landhaus
properties,Lupului
properties,Machair
properties,Manoir
properties,Moinho
properties,Mynydd
properties,Negen
properties,Nitti
properties,Nordlys
properties,Nove
properties,Ostan
properties,Parva
properties,Pedra
properties,Pensionat
properties,Pensjonat
properties,Penzion
properties,Peregrino
properties,Podkowa
properties,Pousada
properties,Prickwillow
properties,Ravenfeld
properties,Rei
properties,Roessl
properties,Rosewater
properties,Rumach
properties,Ruzi
properties,Schmiede
properties,Sete
properties,Silverpine
properties,Singuratic
properties,Soestre
properties,Syv
properties,Torto
properties,Velho
properties,Vertshuset
properties,Vieux
properties,Weisses
properties,Whaligoe
properties,Whitecliff
properties,Zaguan
properties,Zajazd
properties,Zalahazy
properties,Zlamana
properties,Zum
properties,Zwaluwen
properties,d'El
properties,l'Ecluse
vehicles,Aircross
vehicles,Ateca
vehicles,Captur
vehicles,Crossback
vehicles,Cupra
vehicles,Elantra
vehicles,Evoque
vehicles,Formentor
vehicles,Giulia
vehicles,Grandland
vehicles,Hardtop
vehicles,Impreza
vehicles,Kodiaq
vehicles,Megane
vehicles,Sportage
vehicles,Sportline
vehicles,Stelvio
vehicles,Tiguan
vehicles,Veloce
