language,task_id,simulation_id,trial,error_source,error_type,notes,voice_prosody_quality,audio_environment_realism,turn_taking_naturalness,backchannel_naturalness,interruption_behavior,behavioral_plausibility,speech_accuracy,phrasing_naturalness,voice_prosody_quality_notes,audio_environment_realism_notes,turn_taking_naturalness_notes,backchannel_naturalness_notes,interruption_behavior_notes,behavioral_plausibility_notes,speech_accuracy_notes,phrasing_naturalness_notes,free_text_comments,caller_experience,experience_breaking_point,experience_breaking_tick,experience_factors,primary_factor,experience_notes,completed
es,83_es_identity,57252b47-739d-4bbd-b5cd-ec720edc05ee,1,,,,4,3,3,3,3,4,4,3,,,,,,,,,,3,,,,,,True
es,17_es_identity,57bfae19-8a16-436f-95ff-ca11e9d77771,0,,,,3,3,2,3,3,3,4,3,,,'@ 0:25.200: Caller asks question for clarification but does not stop speaking to wait for the agent's answer.,,,,,,,3,,,,,,True
es,30_es_identity,5866a073-70f7-4cd6-846f-37c115517dc2,1,,,,4,3,3,3,3,3,4,3,,,,,,,,,,3,,,,,,True
es,38_es_identity,5efc10bc-05bf-4e46-bf8b-697acc04bb6c,1,,,,3,3,3,3,3,4,4,4,,,,,,,,,,4,,,,,,True
es,74_es_identity,60f73a5b-0d51-4662-9053-f2ac1da04142,0,,,,4,3,3,3,3,3,4,3,,,,,,,,,,3,,,,,,True
es,53_es_identity,633fbb0f-a83b-4f46-bcc3-7f89e97f1b5f,0,,,,4,3,3,3,3,4,4,3,,,,,,,,,,3,,,,,,True
es,[mobile_data_issue]airplane_mode_on|bad_network_preference[PERSONA:Hard]_es_identity,63ad0f05-1a8c-4c52-9452-5f97aceb98f1,1,agent,early_termination,Agent did not make all of the pertinent calls and suddenly transferred the call.,3,3,3,2,3,3,4,3,,,,Somewhat absent (missing) during long utterances by the agent.,,,,,,2,overall,,other,other,"Verbosity at the end but, mainly, abrupt transfer.",True
es,[mobile_data_issue]airplane_mode_on|bad_network_preference|data_saver_mode_on|data_usage_exceeded|user_abroad_roaming_disabled_off[PERSONA:None]_es_identity,647ddbb0-034c-49a5-ab6f-568b07faea43,1,,,,3,3,3,3,3,4,4,3,,,,,,,,,,2,overall,,other,other,"a bit inefficient/too much verbosity at times (maybe a real human with less patience would have asked for a transfer at some point during the call). I think a human (with less patience), after following the agent's instructions one or two times without success, would probably stop trusting the agent and ask to be transferred to a human agent.",True
es,83_es_identity,653f67cb-f75d-488e-a132-7e62a39bdc0a,0,,,,4,3,3,3,3,3,4,4,,,,,,,,,,2,tick,1091,"transcription, social_offense",social_offense,"Agent mis-interpreted caller backchannel signaling (""ajá"" -- confirmation signal) as a laugh and started laughing (out of place). Potentially very bad because the user was already frustrated by that the refund could not go to their credit card. This is one of those calls where the issue is technically resolved but there are times during the call that are ""evidence"" of bad cx.",True
es,8_es_identity,65aa30bb-e9af-415e-b8d7-4bc823091e3e,1,,,,4,3,3,3,3,3,4,4,,,,,,,,,,3,,,,,,True
es,2_es_identity,66c1cf4b-d7ff-48e5-b6c3-cf40504b31d2,0,agent,transcription,Agent mis-transcribed user ID. Agent did not go back/follow up on the original request mentioned by the user (flight reservation).,3,3,3,3,4,3,3,3,,,,,,,,,,1,overall,,"transcription, comprehension_logic, repetition, unnatural_language, intonation_delivery",transcription,"Agent uses English terms, incorrect/unnatural words, shows unnatural delivery (robotic monotonous), interrupts caller, and forces customer repetition. Also, agent did not go back/follow up on the initial flight reservation request by the user.",True
es,38_es_identity,6728abe6-4ca7-4b14-8781-ef9de3ab58f2,0,,,"from the user instructions it seems like the relevant flight should have been delayed -- but showed up as ""landed"" (unexpected according to the user instructions). no errors nevertheless.",3,3,3,3,3,3,4,3,,,,,,,,,,3,,,,,,True
es,48_es_identity,6aada0d6-3f1e-4b7e-9d91-4b4aa66de53e,0,,,,4,3,3,4,3,3,4,3,,,,,,,,,,3,,,,,,True
es,1_es_identity,6aefa3d8-d19f-4d22-b88c-c76570cb1a25,1,agent,transcription,Agent mis-transcribed user ID (authentication failed).,3,3,3,3,3,3,4,3,,,,,,,,,,2,overall,,"transcription, repetition, intonation_delivery",transcription,"Agent repeatedly tried to get user ID without success (due to their own transcription errors).
At some point, the agent asked the user to corroborate their user ID (when it was the agent's fault). User did not show much frustration after being questioned about this--but in other calls (in general), this leads to expressions of frustration by the simulated user.
Agent's delivery was somewhat robotic and monotonous.",True
es,8_es_identity,6da1cfab-a3b0-40e3-bb8c-eeb8de248bab,1,,,,3,3,3,3,3,3,4,3,,,,,,,,,,3,,,,,,True
es,[mobile_data_issue]airplane_mode_on|bad_network_preference|data_mode_off|user_abroad_roaming_disabled_on[PERSONA:Hard]_es_identity,6f3ae0e9-b69a-444a-b22a-8f65687a8582,1,agent,logical,Agent did not make all of the pertinent calls.,3,3,3,3,3,3,4,3,,,,,,,,,,2,overall,,"transcription, repetition, turn_taking, other",other,"Agent forced customer repetition (after agent transcription error), agent incorrectly implied/assumed the problem was solved when it was not, agent interrupted a couple of times, and agent was inefficient (unable to solve the problem at all)",True
es,[mobile_data_issue]airplane_mode_on|bad_network_preference|data_mode_off|data_saver_mode_on[PERSONA:Hard]_es_identity,7078a611-2e1e-4ec8-96f9-ea70b9e75de8,1,,,,4,3,3,3,3,4,4,4,,,,,,,,,,3,,,,,,True
es,40_es_identity,71059db4-5bfd-45b6-b486-ca24fb6a487e,0,,,,4,3,4,3,3,4,4,4,,,,,,,,,,4,,,,,,True
es,68_es_identity,71869136-e243-428d-8415-07c3b5189f05,0,,,,4,4,4,3,3,4,4,4,,,,,,,,,,4,,,,,,True
es,68_es_identity,73770d5c-a921-47fd-ab1e-a3a90526b7ae,1,,,,3,3,3,3,3,4,4,4,,,,,,,,,,4,,,,,,True
es,[mms_issue]airplane_mode_on|bad_network_preference|bad_wifi_calling|break_apn_mms_setting|break_app_storage_permission|data_mode_off|data_usage_exceeded|unseat_sim_card|user_abroad_roaming_disabled_off[PERSONA:Easy]_es_identity,73d1cbcc-42c3-4788-9345-dc6d7d7cc7d6,0,agent,early_termination,Agent transferred the call without a reason (no summary argument passed on to the transfer function).,3,3,3,2,3,3,4,3,,,,"None, even when the agent speaks a lot.",,,,,,2,overall,,"unnatural_language, other",other,Verbosity but the main reason is the abrupt transfer/early termination (the agent was unable to solve the problem),True
es,[mms_issue]airplane_mode_on|bad_network_preference|data_usage_exceeded[PERSONA:None]_es_identity,78d4d05f-2db4-4f3a-8261-3e0109c390bf,0,agent,early_termination,Agent did not make the pertinent tool calls and suddenly transferred the call.,3,3,3,3,3,3,4,4,,,,,,,,,,3,,,,,,True
es,[mms_issue]airplane_mode_on|bad_network_preference|break_apn_mms_setting|data_mode_off|unseat_sim_card|user_abroad_roaming_disabled_off[PERSONA:Easy]_es_identity,87527214-2337-4c59-a9a8-99529a37e481,1,agent,logical,"Agent did not make all of the necessary tool calls (from the DB check) and, unable to solve the problem, transferred the call.",4,3,3,3,3,4,4,4,,,,,,,,,,2,overall,,"latency, other",other,Long unresponsive stretches by the agent. The agent was unable to solve the problem (for 10 minutes) and ultimately transferred the call.,True
es,[mms_issue]bad_wifi_calling|break_apn_mms_setting|break_app_both_permissions|data_mode_off|data_usage_exceeded|user_abroad_roaming_disabled_off[PERSONA:None]_es_identity,89a89f5c-9836-4d2c-949e-bc6e5999ff71,1,,,,3,3,3,3,3,4,4,3,,,,,,,,,,2,overall,,"latency, turn_taking, other",latency,"Agent was inefficient, unresponsive at times (when it mattered -- for the worse), and interrupted a couple of times. I think a real human would have hung up or asked to be transferred at some point during the call.",True
es,104_es_identity,df535fc8-b02b-41f9-94de-94664e70bbe3,1,agent,transcription,Agent mis-transcribed user email (authentication failed).,3,3,3,3,3,3,4,2,,,,,,,,"'@ 2:34.600 ""me temo que no puedo inventármelo"" sounds more like a simulator than a human caller.",,2,overall,,"transcription, repetition, intonation_delivery",transcription,"Agent mis-transcribed user email (authentication failed). Agent did not consider (based on what was said in the conversation) that it could have been their mistake and not the caller's--instead, the agent said something like, ""maybe try an email that is *actually* linked to your account,"" implying it was the caller's fault.
Agent's delivery was a bit monotonous and robotic.",True
es,[mms_issue]bad_network_preference|break_app_sms_permission|data_mode_off|data_usage_exceeded|user_abroad_roaming_enabled_off[PERSONA:None]_es_identity,e9d29c77-fb44-407f-acc7-cfebcefd6daa,1,agent,logical,Agent did not make all of the pertinent tool calls and used the wrong line on the calls that were made (ultimately transferred the call).,3,3,3,3,3,3,4,4,,,,,,,,,,2,overall,,other,other,"Agent called certain tools on the wrong phone line, did make all of the pertinent tool calls (based on the DB Check), and was unable to solve the problem after ~7 min.",True
es,89_es_identity,eb212470-ff03-4b9d-ad5f-abc84b16d692,1,,,,3,3,3,3,3,3,4,3,,,,,,,,,,2,overall,,"transcription, comprehension_logic, repetition, turn_taking",comprehension_logic,"Agent mis-hearing and forced customer repetition for authentication.
Agent never answered the question (something like, ""are those the cheapest options?"")
Agent interrupted a lot.",True
es,19_es_identity,ee06e6f5-ba4a-4bae-86dc-1dc9f9856fa2,1,agent,transcription,Agent mis-transcribed user ID (authentication failed).,3,3,3,3,3,3,4,2,,,,,,,,"Some uses of ""sorry"" (anglicism) by the user felt out of place sometimes as well as @ 0:40.800 ""un trip bastante loco a Texas"" (vague and informal language).
Overall, not too bad but I think user simulator would be better off without these.",,2,overall,,"transcription, repetition",transcription,"Agent mis-transcribed user ID (authentication failed).
In general (across different calls--not just this), when the agent implies, even just slightly, that maybe the caller said the wrong ID or email (and not that it was maybe a transcription error), the simulated user is triggered and shows some frustration.",True
es,[mms_issue]airplane_mode_on|bad_network_preference|break_apn_mms_setting|data_usage_exceeded[PERSONA:Hard]_es_identity,f55536c2-61f5-47cf-aaa8-5f2730ea02e4,1,agent,logical,Agent did not make all of the necessary tool calls and/or walk the caller through the right steps to solve the problem.,3,3,3,3,3,3,4,3,,,,,,,,,,2,overall,,other,other,Verbosity and usableness to solve the problem by the agent.,True
es,37_es_identity,f58413ad-2c0c-4afa-84e6-ab75ba1cafcb,0,agent,transcription,User ID mis-transcription.,3,3,3,3,3,3,4,3,,,,,,,,,,2,overall,,"transcription, comprehension_logic, turn_taking, intonation_delivery",transcription,Agent mis-transcription error -> forced customer repetition and interrupitions caused user frustration.,True
pt,112_pt_identity,5d1a88ec-9319-4902-84ae-d69b22540284,1,agent,logical,The Agent committed a logical error when it hallucinated instructions that prevented them from changing the address one of the User's order using the delivery address of a different order in their profile.,4,4,3,3,4,3,4,3,,,,,,,,,"'Uns pedidos meus' would've have been more natural as 'alguns dos meus pedidos', despite not being incorrect.
'NYC' referring to New York is not common, it should have been mentioned as 'Nova Iórque'.
Agent interpreted dogs in background and backchannel as User speech.
",2,tick,1489,"transcription, comprehension_logic",transcription,Agent repeatedly misheard the User despite being informed the correct order number.,True
pt,52_pt_identity,5d6bb21e-83d7-4e41-abc9-90e9ee844077,0,agent,early_termination,"Unclear if there was an actual error, as both Agent and User followed their Policy and Instructions. The User requested that all camera specs other than zoom capability should remain the same, but the camera Agent found had 30mp instead of 24mp (which would also be beneficial to the User's goals. Call got transferred to human agent at that point. If there was an error, it should be Agent Error/Early Termination for transferring the call prematurely before exhausting possible support avenues.",4,4,4,3,4,3,4,4,,,,,,,,,,3,,,,,,True
pt,30_pt_identity,62159891-208d-4b2a-8c49-fc5c2ca3ae71,0,user,logical,"While the Agent was properly executing the requests, the User tried to get the exact price different before accepting the changes in their reservation, which was not specified in the User instructions and prevented the interaction from being resolved.

[8:25.000] 'Tchau, tchau' sounded unnatural as it was delivered slowly and paused. It should be spoken fast with almost no gaps in between words.",2,4,3,3,4,2,4,3,"A bit monotone, lacked a bit of emotion in its delivery.",,,,,A human user would have been more frustrated.,,,,3,,,,,,True
pt,42_pt_identity,627d19ae-cc98-452e-9173-fd6c1aea05c7,0,,,"The Agent was able to fulfill the User request properly, no error occurred in this call.",4,4,4,4,4,3,4,4,,,,,,,,,,4,,,,,,True
pt,[mms_issue]break_apn_mms_setting|data_mode_off|user_abroad_roaming_disabled_on[PERSONA:Hard]_pt_identity,642a85f2-ea63-4a09-9c53-1525772d5279,0,,,"The Agent was able to properly fulfill the User's requests, despite the interaction potentially dragging longer than necessary.",2,3,3,3,3,2,4,3,"Flat emotionally, with a slightly monotone delivery.",,,,,"Slightly flat emotional response, too patient at times.",,,,2,overall,,"comprehension_logic, repetition, intonation_delivery",intonation_delivery,"Agent had unnatural delivery and unusual accent for several words, not sounding as a native speaker would have. Interaction dragged a bit longer than necessary, affecting CX.",True
pt,[mms_issue]bad_network_preference|break_app_both_permissions[PERSONA:Easy]_pt_identity,6496985a-a7a3-4d21-8492-46b3b7d1f67c,1,,,"No issues as the Agent was able to fulfill the User requests properly, covering all necessary troubleshooting steps, despite slightly long interaction.

[0.05.200] 'Eu gostaria de resolver uma dificuldade que estou tendo' was a bit unnatural, ""Eu estou tendo dificuldades, gostaria de resolver um problema' could have been sounded more natural.",3,2,2,3,2,3,4,3,,Car honking sounds got cut off a bit too suddenly.,Asked follow up questions too quickly.,,"Interrupted too often, and too quickly at times.",,,,,2,overall,,"latency, repetition, intonation_delivery",latency,Agent had several mispronunciations and didn't quite sound as a native speaker.,True
pt,16_pt_identity,65b22878-9455-4e4b-a42c-205b17652b9b,0,,,The Agent executed all expected actions fulfilling the User's requests.,4,3,4,4,3,4,4,4,,,,,,,,,"User interruptions occurred a bit too often.
Agent misinterpreted backchannel as speech and interrupted their messages.",4,,,,,,True
pt,86_pt_identity,675c8693-02a4-4e04-aa98-5a1dec4e55a6,0,agent,transcription,"The Agent transcribed the User credentials incorrectly, which derailed the interaction and prevented account lookup in order to fulfill User's requests.

[3.18.000] 'de que me recorde' sounds a bit unnatural, 'que eu me lembre' would have been better.",3,4,4,,3,3,4,3,,,,None present for evaluation.,,,,,,2,overall,,transcription,transcription,Inability of capturing User credentials prevented the interaction from moving forward properly.,True
pt,102_pt_identity,676a1a9e-4cc3-49a5-bec1-dc15e426ae34,0,,,No error as the Agent was able to fulfill the User's requests properly.,2,4,3,3,3,4,4,4,"The User had a flat emotional delivery, lacking range and",,,,,,,,"In addresses, the symbol ' - ' is commonly referred to as 'traço'(dash) than 'hífen'.
Agent interpreted User's cough as speech and confirmations.
Agent mispronounced 'país' as 'pais.
Gender agreement issue as the User referred to the female Agent as a male.
Agent stopped at everything single backchannel.

",3,,,,,,True
pt,50_pt_identity,6cc18dc8-ad72-4f6c-b1f7-4db0511a9ee3,1,,,"No error in this call as the Agent policy prevented the fulfillment of the User requests, achieving the expected result in 'Reward Details'.",4,4,4,4,4,3,4,4,,,,,,,,,,4,,,,,,True
pt,27_pt_identity,6d34cd0b-76a7-4272-a520-168b3fdb39ee,0,agent,early_termination,"The Agent ended the interaction prematurely after dragging unnecessarily the account lookup and not resolving the User requests. After it finally found the correct reservation, the Agent didn't informed the reason and acknowledged it was able to provide compensations as the User had silver status.

[0.55.000] User mispronounced 'S'(éssi) as (êssi).
Agent misinterpreted background as User speech.",2,3,2,3,2,2,3,3,"Emotionally flat delivery, slightly monotone.",,Didn't wait long enough before questioning Agent for resolutions or details lookup.,,A bit too often.,"Emotionally flat delivery, specially for somebody that it is supposed to be very frustrated.",,,,2,overall,,other,other,"The Agent looked up every single reservation one at a time instead of gathering all the data in advance, which dragged the interaction unnecessarily.",True
pt,43_pt_identity,6d4c8638-5115-4885-900c-7a7cdc2a764f,1,,,"No Error in this call as the Agent was unable to fulfill the User's requests due to  policy limitations.

The Agent is from [pt-PT]European Portuguese locale.
Gender agreement issue as the User referred to the female agent as male.",3,4,2,2,2,3,4,3,,,Interruptions felt a bit too sudden.,Occurred a bit too often.,A bit too often and disruptive.,,,,"Not having their requests fulfilled would have been frustrating to the User, but it was due to Agent Policy limitations and not to quality issues in the interaction.",3,,,,,,True
pt,13_pt_identity,6d5a316e-4d50-49b8-ab8c-793349acdc7a,1,,,"According to the expected results, transferring to a human agent was the expected behavior and it was executed properly as the request was not permitted in Agent policy.",2,4,4,4,4,4,4,3,Slightly mechanical and monotone delivery. A bit unnatural pronunciation at times.,,,,,,,,,4,,,,,,True
pt,0_pt_identity,6ef4271d-d358-49b5-a3e6-05448379980a,1,,,"There was no error, the User's request was not fulfilled which was expected as the Agent followed its policy properly.",4,4,3,3,4,4,4,4,,,,,,,,,Agent had a thick accent as of an English speaking person.,4,,,,,,True
pt,[mms_issue]airplane_mode_on|bad_network_preference|bad_wifi_calling|break_apn_mms_setting|break_app_storage_permission|data_mode_off|data_usage_exceeded|unseat_sim_card|user_abroad_roaming_disabled_off[PERSONA:Easy]_pt_identity,6f473c02-a43b-4dda-88f7-f3cb08561c0a,1,agent,logical,"Agent didn't flag that there was an issue with the line (L1002) the User provided in account retrieval, as it would have discovered that the data usage exceeded the plan limit requiring data refuel.

User mispronounced the letters 'E'(é), 'L'(éli), 'S'(éssi) and 'O'(ó) as 'i', 'êli', 'êssi' and 'ô' respectively.
Gender agreement issue as the User addressed the female agent as male.",2,4,3,3,3,2,2,3,"Emotionally flat, slight monotone character to delivery.",,,,,"A human user would've been more impatient, expressing more frustration throughout the call.","User mispronounced the letters 'L'(éli), 'S'(éssi) and 'O'(ó) as 'êli', 'êssi' and 'u' respectively.",,,2,overall,,"comprehension_logic, repetition, turn_taking",comprehension_logic,"The Agent was not able to discover what was the error that caused the issues brought by the User, which prevented their resolution and dragged the interaction unnecessarily.",True
pt,[mms_issue]bad_network_preference|data_mode_off|user_abroad_roaming_disabled_on[PERSONA:None]_pt_identity,707cce0c-73c7-4b14-8c8a-46c8da2dc50e,1,agent,logical,The Agent conducted the entire troubleshooting interaction addressing the incorrect line L1001 instead of the appropriate one L1002 for their phone number (555-123-2002).,4,4,3,4,4,2,4,4,,,,,,Slightly too patient after doing several troubleshooting steps and not having any change.,,,,2,overall,,other,other,The interaction dragged through several troubleshooting steps unnecessarily as the Agent was addressing the incorrect phone line (L1001) instead of the appropriate one (L1002).,True
pt,[mms_issue]bad_network_preference|data_mode_off|user_abroad_roaming_disabled_on[PERSONA:None]_pt_identity,727b00e8-b2bd-4a55-84d5-d47ed68e1540,0,,,"The Agent was able to fulfill the User's request and solve their issues.

The Agent was using a lot diminutives, which sounded a bit unnatural for a customer support agent.
[5.03.000] Agent and User were speaking on top of each other.
[5.51.800] Same as above.
[6.08.000] Same as above.

",4,4,2,3,2,2,4,3,,,"Too quick, interrupting at times.",,"A bit too often, impatiently interrupting the Agent asking for answers. Interruption happened too often.",The User and Agent speaking full sentences on top of each other multiple times was very unnatural.,,,,2,overall,,turn_taking,turn_taking,"Agent and User were speaking on top of each other in multiple instances throughout the call.

The Agent's tone shifted throughout the call.",True
pt,[mms_issue]break_app_storage_permission|data_usage_exceeded[PERSONA:Easy]_pt_identity,7a1674f7-9060-4563-a0e7-5a7a2f20d647,1,,,"The Agent was able to fulfill the User's request and solve the issue, despite the interaction slightly dragging unnecessarily.

Agent and User were speaking on top of each other.",4,4,2,3,2,3,4,4,,,Agent and User were speaking on top of each other.,,A bit too quick to ask for answers when waiting for a reply. Agent and User spoke on top of each other at times.,,,,,2,overall,,"repetition, turn_taking",turn_taking,Agent and User were speaking on top of each other.,True
pt,[mms_issue]bad_network_preference|user_abroad_roaming_disabled_on[PERSONA:None]_pt_identity,7a895afb-4776-422d-b0bc-eb0e3ba84206,0,agent,transcription,"The Agent transcribed the User phone number incorrectly which prevented account lookup and halted the interaction.

[1.45.000] Agent informed the date format unnaturally as 'year year year year, month month, dia dia' instead of 'year, month, day'.

Despite the call failing due to transcription error, the transfer to human agent was done in a quick manner which would have been less frustrating to the User. This made me evaluate CX as a 3 instead of a 2.",4,4,4,4,4,4,4,4,,,,,,,,,,3,,,,,,True
pt,[mms_issue]break_app_storage_permission|unseat_sim_card|user_abroad_roaming_disabled_on[PERSONA:Easy]_pt_identity,7bf2d5cf-d505-4b2b-ae03-8ca5765774a0,1,agent,logical,"According to DB, the Agent should have instructed the User to assess whether permissions for 'messaging' app should have been granted. The Agent didn't inform the User of these troubleshooting steps before transferring the call to human agent.

[3.14.000] Agent misinterpreted background noises as User speech and hallucinated speech.",2,2,3,3,3,2,4,3,"Slightly monotone, emotionally flat delivery.",Sirens in the background dropped too suddenly.,,,,The User should have been more frustrated with the Agent inability to address their issues.,,,,2,overall,,other,other,"The interaction dragged as the Agent didn't provide the User with all the necessary troubleshooting steps before transferring the call, which would have affected CX and frustrated a human user.",True
pt,38_pt_identity,7da6d4bd-e0f8-47cb-a087-6132a1e6ac7a,1,,,"Agent fulfilled the Agent's requests properly following their policy, triggering the correct tool calls and accessing the DB.

Gender agreement mismatch when User addressed female agent as male.",2,4,2,3,3,3,4,3,"Emotionally flat delivery, monotone.",,User didn't wait more than a few seconds for the Agent's reply.,,,,,,,3,,,,,,True
pt,5_pt_identity,7fb4af24-f2ad-46db-8214-ebeb3fc7c545,1,,,"There was no error as the Agent followed its policy appropriately, which prevented it from fulfilling the User's request while triggering the correct tool calls and accessing the DB.",4,4,4,4,4,3,4,4,,,,,,,,,A human user would have been more frustrated and the User demonstrated.,3,,,,,,True
pt,41_pt_identity,81c945a9-49c7-4445-82d3-912e3ec166ab,0,,,"THe Agent was able to fulfill the User's requests completely, despite the reward check informing that it should not have been able to.

Agent interpreted dogs barking and background noise as speech and kept interrupting their messages.",4,3,3,2,3,3,4,4,,,Too often and too sudden.,A bit too often.,,,,,,2,overall,,"transcription, turn_taking",turn_taking,The Agent kept interpreting dogas barking and background noise as User speech and interrupted their messages multiple times throughout a short call.,True
pt,36_pt_identity,85b4b81b-06e9-49c0-b9c1-a686dd42e5f0,1,,,"The Agent was able to fulfill the User requests.

The User account email in 'Known info' and actual DB don't match. In DB it is 'eduardo.teixeira3253@example.com' while in 'Known info' informs it without the period as 'eduardoteixeira3253@example.com'.",2,3,2,3,2,2,4,4,"Emotionally flat, monotone delivery.",,"The User didn't wait for the Agent to properly make tool calls and retrieve informations long enough, interrupting and triggering a response from the Agent prematurely which dragged the interaction.",,"Too often, disruptive.",A human user would've been more frustrated.,,,,2,overall,,"repetition, other",other,"Informed unnecessary steps and followed requests quite too literally, which dragged the interaction longer than necessary.",True
pt,52_pt_identity,e925672c-ec29-49a6-b364-4470f4b385fa,0,,,"No Error, as the Agent was able to fulfill the User's requests properly. In this case, the User's logic was sound as it agreed to switch to a camera with 30MP instead of 24MP, instead of refusing the exchange and being rigid towards MP as that wouldn't affect their birdwatching goals negatively. Still, the User didn't stick, unreasonably or not, to their task instructions as the camera had another different variable.

Agent kept misinterpreting background noise and sirens as user speech and halting their messages.",4,4,3,3,4,4,4,4,,,,,,,,,,3,,,,,,True
pt,40_pt_identity,e97aeb08-a400-4d82-a893-a0a41876cb97,1,,,"No errors, the Agent fulfilled the User's request properly.

[1.36.000] Gender agreement issue, Agente used female article 'a' for male word 'número'.",4,4,4,4,4,4,4,4,,,,,,,,,,4,,,,,,True
pt,[service_issue]airplane_mode_on|break_apn_settings|overdue_bill_suspension[PERSONA:None]_pt_identity,eb5156e5-eb09-4e9e-b93b-e14774437e37,0,agent,logical,"The Agent was unable to identify the overdue bill that caused the service suspensions, which prevent the User's request from being fulfilled.

[1.28.000] User spoke tool call 'functions.check_status_bar()' instead of triggering it.
[2.26.800] Same as above, 'functions.toggle_airplane_mode()
|json= {}
|extras= {}
|ENDING_SIGNAL=awaiting_tool_result'",2,4,3,3,3,2,3,2,"Emotionally flat, slightly monotone delivery.",,,,,Too patient with errors and an interaction that dragged.,,Tool call commands present in script as readable text.,,2,overall,,"comprehension_logic, repetition",comprehension_logic,"Informed incorrect tool calls, dragging the interaction and not being able to recognize the actual issues.",True
pt,21_pt_identity,efe24980-ed33-46cb-bccd-9ca606f067f4,0,agent,hallucination,"The interaction was going as expected, but after the alterations were already made by the Agent to the reservation, the User asked to confirm if the Agent had used the gift card with least balance (which had been used to pay for extra charges) and the Agent informed that it was not the one used, which caused the User to complain about it and the Agent to trigger a transfer to human agent command.

[0:54.000] User mispronounced letter 'S'(éssi) as 'F'(éfi), despite the pronunciation being written correctly in the script. Surprisingly, the Agent understood the mispronunciations as the correct characters that were not said out loud.
[1.32.000] 'me diga uma pista' feels as translationese, 'me informe algum detalhe' would be more appropriate or even 'me dê uma dica' would work if it is desired to use an expression such as 'give me a clue (tip)'.",3,3,3,2,3,3,3,3,,,,A bit too often.,,,,,,3,,,,,,True
pt,49_pt_identity,f0eb3a29-fd07-492a-9abf-619dbb32e7a5,1,agent,transcription,"The Agent transcribed the CEP (56557-041) incorrectly twice as '56555-041', despite the User informing it correctly.",3,4,4,4,4,4,4,3,,,,,,,,,,2,overall,,transcription,transcription,"The Agent transcribed incorrectly the User's CEP multiple times, preventing the interaction from advancing.",True
pt,[mobile_data_issue]airplane_mode_on|bad_network_preference|data_mode_off|data_usage_exceeded|user_abroad_roaming_disabled_on[PERSONA:None]_pt_identity,f3645393-10ac-41f8-9b00-d380fac65234,1,,,"The Agent was able to properly fulfill the User's requests.

[1.45.000] The character and accent of Agent's voice shifted.
At times, the User didn't wait long enough for the Agent to reply, making follow up questions quickly after. Agent interpreted backchannels as speech, interrupting their messages.
",4,3,2,3,3,4,4,4,,,"At times, the User didn't wait long enough for the Agent to reply, making follow up questions quickly after.",,,,,,"At times, the User didn't wait long enough for the Agent to reply, making follow up questions quickly after.",3,,,,,,True
hi,[mobile_data_issue]airplane_mode_on|bad_network_preference|bad_vpn|data_mode_off|data_saver_mode_on|data_usage_exceeded|user_abroad_roaming_disabled_on[PERSONA:None]_hi_identity,596a089a-15aa-4f84-8f94-aec8d65bfb38,0,agent,transcription,Agent's pace of talking is fast than normal and very flat. some sentences are very formal and over friendly but doesn't sound like it. Agent and user repeats the step it takes every time.,3,3,3,2,3,3,3,2,,,,"mid-sentence, mechanically regular, or forced.",,,,"Phrasing is unnatural for most of the call — overly complete sentences, formal word choice, or repeated canned constructions.",,2,overall,,"repetition, unnatural_language, social_offense, intonation_delivery",repetition,Agent didn't sound very natural. Misgendering persists,True
hi,[service_issue]airplane_mode_on|break_apn_settings|overdue_bill_suspension[PERSONA:None]_hi_identity,59ddb3ca-d462-4612-8e2c-763f240b1d83,1,agent,transcription,At times agent repeats its statement in loop all the tools were called correctly.,2,3,3,3,3,2,3,2,"Prosody feels mechanical — a 'reading aloud' cadence, forced emotion, or misplaced emphasis. More artificial than natural.",,,,," too patient with errors, no frustration when warranted, flat affect. Occasional human moments but overall feels overly cooperative and tolerant.",,"overly complete sentences, formal word choice, or repeated canned constructions. Occasional natural lines but stilted phrasing dominates.",,3,,,,,,True
hi,85_hi_identity,5f071b0e-34dd-4752-ab11-392a66d2c069,1,agent,transcription,Agent talks in 3rd person form. There is repeated confirmation on final order. User speech delivery is very robotic. All tools were called in right manner.,2,2,3,2,3,3,3,1,"Prosody feels mechanical — a 'reading aloud' cadence, forced emotion, or misplaced emphasis. More artificial than natural.","Noise feels layered on rather than natural — poor blending, too-consistent volume",,ackchannel unnecessarily during short responses or stay silent during long explanations. More awkward than natural.,,,,"Wording reads like a script or a chatbot — over-formal, templated",,3,,,,,,True
hi,26_hi_identity,6057c563-e20b-4db4-a982-cfba23d870bd,1,agent,logical,Agent didn't mention total amount returned and payment methods for it.,2,3,3,2,3,3,3,3,Some natural qualities but synthetic traits dominate. Prosody feels mechanical,,,"poorly placed — mid-sentence, mechanically regular, or forced. backchannel unnecessarily during short responses",,information delivered in a robotic sequence. No genuine engagement.,,,,2,overall,,"repetition, turn_taking, unnatural_language, intonation_delivery",repetition,Wording reads like a script or a chatbot,True
hi,49_hi_identity,605a239e-e377-4e59-bbd5-a2719a55270c,1,agent,hallucination,Agent suddenly adds medical disclaimer while asking for reservation id and user id. Agent continues to talk over user's answer and speed is faster than usual.,3,3,3,3,3,3,3,3,,,,,,,,,,3,,,,,,True
hi,15_hi_identity,61e479d2-fa78-469b-99e1-52e071651004,0,agent,logical,Agent confirms getting user details and reservations before calling for those tools. Certain Agent words sounds like too casual or impolite.  timings of flight were not confirmed or asked to find the exact flight. It is not common to use aiport code like ATL to sound natural we use city names.,2,3,3,3,3,3,3,3,More artificial than natural.,,,,,,,,,3,,,,,,True
hi,31_hi_identity,629c410e-4a5f-474a-9cc7-9a37604e0c1d,1,agent,early_termination,Agent ended the call abruptly while agent was talking.,3,2,3,3,3,3,3,1,," poor blending, too-consistent volume, or filter-like phone quality. More artificial than natural.",,,,,,full of assistant-style phrasing. No real caller would talk this way.,,3,,,,,,True
hi,32_hi_identity,629f1599-48de-4238-b7e2-41dcec3b6e2d,0,agent,logical,"Agent mentioned it can check all the resrvation details turn by turn to get the right flight, But Agent didn't call tools for all the reservations. It called just for one reservation. It transferred the call to human agent in between of helping the user abruptly. Agent speed of talking is faster than usual.",2,3,3,3,3,2,3,2,Prosody feels mechanical,,,,,Occasional human moments but overall feels overly cooperative and tolerant.,,repeated canned constructions. Occasional natural lines but stilted phrasing dominates.,,3,,,,,,True
hi,63_hi_identity,649e1b9d-e60a-4d8c-9646-28a7abbcd1d5,1,agent,vad,Agent's speech overlaps user's while sharing important information. Agent also used tool call as speech with user,3,3,3,1,3,3,3,3,,,,Never backchannels (even during long agent speech),,,,,,3,,,,,,True
hi,64_hi_identity,68b6f59c-946f-4def-a926-6f75cd167982,0,agent,unresponsive,"There is Latency from agent side while checking for details, agent need to inform user to wait while checking. Generally # is used and number when referring with orders , Agent translates it literal to hashtags while talking. After tool for called for order details there was latency in letting user know the correct order with correct item it was looking for.",1,2,3,1,3,2,3,1,Noticeably synthetic — robotic quality,Noise feels layered on rather than natural — poor blending,,Never Backchannels when needed,, flat affect. Occasional human moments but overall feels overly cooperative and tolerant.,,"Wording reads like a script or a chatbot — over-formal, templated, or full of assistant-style phrasing",,2,overall,,"latency, repetition, unnatural_language, intonation_delivery",latency,Latency from the agent ends and repeating the requests with every details can be frustrating.,True
hi,107_hi_identity,6a481585-6946-45f7-b566-96a0846cec9e,0,agent,logical,time Stamps are different in script from the audio. Agent assumed Hiking boot size to be 9 which was not mentioned by the user not were tools called for such details. Too many instruction for the user at a given time and speed of talking of agent is also t faster pace than usual. Different language word was mixed in the script at the very start. Conversation ended out of scope without agent trying other way to get details of user to process the request of exchange.,1,3,3,3,3,2,2,2,too fast and too many instructions together.,,,,,Occasional human moments but overall feels overly cooperative and tolerant., multiple mangled words. Different language word was mixed in the script at the very start, Occasional natural lines but stilted phrasing dominates.,,3,,,,,,True
hi,43_hi_identity,6ba7e100-3f87-4161-919a-31c0ff1715de,0,agent,unresponsive,Agent has delayed response and is not able to understand back channeling and keeps repeating same sentence which frustrates the user,1,3,3,2,2,2,3,2,Noticeably synthetic — robotic quality,,,"poorly placed — mid-sentence, mechanically regular",interrupts too early or at bad moments,"Predominantly unrealistic — too patient with errors, no frustration when warranted, flat affect",,"overly complete sentences, formal word choice, or repeated canned constructions.",,3,,,,,,True
hi,36_hi_identity,6bae1591-bd24-406e-ab1d-1abae5f930ef,0,agent,logical,Agent didn't call for order number and user details didn't have details of different orders either. Agent didn't read order number correctly.,1,3,2,3,3,2,3,2,"Prosody feels mechanical — a 'reading aloud' cadence, forced emotion, or misplaced emphasis. More artificial than natural. inappropriate delivery with little variation in pitch, pace, or emphasis.",,Timing is off for most of the conversation,,,Predominantly unrealistic,,"overly complete sentences, formal word choice, or repeated canned constructions. Occasional natural lines but stilted phrasing dominates.
3
",,1,overall,,"repetition, turn_taking, unnatural_language, social_offense, intonation_delivery",social_offense,Agent's pace is too fast while talking. User sounds robotic. agent misgenders itself.,True
hi,41_hi_identity,6c03fce7-3585-432b-aed0-e10e5f9e304c,0,agent,unresponsive,There was a long pause from the agent it didn't let user know its working on finding the reservation and will need sometime due which user canceled the call.,3,3,2,3,2,3,3,2,,,Variation exists but doesn't match context. More rigid than natural.,, interrupts too early or at bad moments.,,,Occasional natural lines but stilted phrasing dominates,,2,overall,,"latency, turn_taking, intonation_delivery",latency,"Latency, unresponsive stretches was frustrating for the user. Agent's dialogue delivery at the end is very robotic.",True
hi,11_hi_identity,6cfa9b96-bfea-40da-b2f0-4d28ccc70044,1,agent,logical,"""tabdili"" is very uncommon word and makes the conversation dramatic. Agent's greeting sound is dramatic as well. It is not common to say letter by letter LAS and DEN generally we say city name. There is refund amount mismatch.. User script sounded very robotic, and agent speaks in different Gender than what it appears to be.",1,3,3,3,3,2,3,2,"Noticeably synthetic — robotic quality, unnatural pronunciation",,,,,Occasional human moments but overall feels overly cooperative and tolerant.,,"formal word choice, or repeated canned constructions. Occasional natural lines but stilted phrasing dominates. User delivery of speech is very robotic",,3,,,,,,True
hi,18_hi_identity,6d06b0fd-738c-4189-90ce-0bd5860e5535,1,agent,logical,No tools were called to check the details and help user with the requests.,3,3,2,3,2,3,3,3,,,Timing is off for most of the conversation,,nterrupts too early or at bad moments,,,,,2,overall,,"latency, repetition",latency,"Latency is one of the reason and dead air, long pauses, unresponsive stretches which made it frustrating for the caller.",True
hi,37_hi_identity,6d56f410-daf7-4439-80c6-d517dfa47e74,0,agent,logical,"Agent talks as 3rd person. Agent was not able to interpret the correct user id of the user and called for wrong user id details. Agent ended call abruptly and transferred call without notifying user.
",2,3,3,3,3,2,3,1,"Prosody feels mechanical — a 'reading aloud' cadence, forced emotion, or misplaced emphasis. More artificial than natural.",,,,,overall feels overly cooperative and tolerant.,,Wording reads like a script or a chatbot —  templated,,2,overall,,"unnatural_language, intonation_delivery",intonation_delivery,Agent talks as 3rd person.,True
hi,49_hi_identity,725cf83c-4ec4-4aca-8807-7965224e7f01,0,agent,logical,Delay in tool calling Agent asked user to repeat the user details even though it was able to retrieve correct user details. Agents speech overlaps with user talking.,2,3,3,2,3,1,3,2,"Prosody feels mechanical — a 'reading aloud' cadence, forced emotion, or misplaced emphasis. More artificial than natural.
",,,mostly poorly placed. More awkward than natural.,,information delivered in a robotic sequence. No genuine engagement.,,"formal word choice, or repeated canned constructions. Occasional natural lines but stilted phrasing dominates.",,3,,,,,,True
hi,[mms_issue]break_app_storage_permission|unseat_sim_card|user_abroad_roaming_disabled_on[PERSONA:Easy]_hi_identity,75c871b6-a9d3-4bea-9599-09169b1e0828,1,agent,logical,Agent didn't call for tool to check all the line to check which line had issue that user is asking help for and didn't call for bills to check if that can be one of the reason,2,3,3,2,3,2,3,2,"Prosody feels mechanical — a 'reading aloud' cadence, forced emotion, or misplaced emphasis. More artificial than natural.",,,"Back channelling  is just twice but mostly poorly placed — mid-sentence, mechanically.",,"too patient with errors, no frustration when warranted",,"ormal word choice, or repeated canned constructions. Occasional natural lines but stilted phrasing dominates.",,3,,,,,,True
hi,[mms_issue]airplane_mode_on|break_app_both_permissions|data_usage_exceeded|user_abroad_roaming_disabled_off[PERSONA:None]_hi_identity,76256b47-c142-4f6b-904c-b1d33a0d261b,0,agent,early_termination,User didn't toggle to check roaming once activated. Call was transferred abruptly without notifying the user.,3,3,3,1,3,3,3,3,,,,Never backchannels (even during long agent speech),,,,,,3,,,,,,True
hi,[mobile_data_issue]airplane_mode_on|bad_network_preference|data_mode_off|data_usage_exceeded|user_abroad_roaming_disabled_on[PERSONA:None]_hi_identity,7a60d002-af92-4cb1-ae94-4f821c984fd1,0,agent,vad,Agent's voice overlap's user's when it is sharing some information. Agent's script has tool call set_network_mode_preference instead of usual ways of writing,3,3,1,2,2,3,3,3,,,Turn taking overlaps agent's instruction  when caller is talking at the same time.,"mostly poorly placed — mid-sentence, mechanically regular","interrupts too early or at bad moments, or is too passive when the agent repeats itself.",,,,,2,overall,,"turn_taking, social_offense, intonation_delivery",social_offense,Agent and user turn taking overlaps which misses listening to important infromation,True
hi,[service_issue]airplane_mode_on|break_apn_settings|contract_end_suspension|lock_sim_card_pin[PERSONA:None]_hi_identity,7cdb5c32-c2ab-4297-8202-3243ab6b10d9,0,agent,early_termination,Agent talks as 3rd person. Agent terminates the call abruptly.,2,3,3,3,2,2,3,2,"Prosody feels mechanical — a 'reading aloud' cadence, forced emotion, or misplaced emphasis. More artificial than natural.",,,,interrupts too early or at bad moments.,Occasional human moments but overall feels overly cooperative and tolerant.,,"overly complete sentences, formal word choice, or repeated canned constructions. Occasional natural lines but stilted phrasing dominates.",,3,,,,,,True
hi,[mms_issue]airplane_mode_on|bad_network_preference|data_usage_exceeded[PERSONA:None]_hi_identity,7d28e253-25f3-4851-986f-480a137ce788,1,agent,logical,Agent didn't call too to check all the lines mentioned in user details.  Agent Script is too formal. Call was transferred before user's acknowledgment. Agent's speech is bit accented.,3,3,3,1,3,3,3,3,,,,Never backchannels (even during long agent speech),,,,,,3,,,,,,True
hi,[service_issue]airplane_mode_on|contract_end_suspension|lock_sim_card_pin|unseat_sim_card[PERSONA:Hard]_hi_identity,7ec04e18-fd7f-4b36-a055-a293db65032a,1,agent,early_termination,Agent speech is impolite at some places. User's speech delivery is very robotic and dramatic. Call was transferred abruptly without notifying the user.,2,3,3,2,3,2,3,2,"Prosody feels mechanical — a 'reading aloud' cadence, forced emotion, or misplaced emphasis. More artificial than natural.",,," mid-sentence, mechanically regular, or forced. May backchannel unnecessarily during short response",," too patient with errors, no frustration when warranted, flat affect. Occasional human moments but overall feels overly cooperative and tolerant.",,"overly complete sentences, formal word choice, or repeated canned constructions. Occasional natural lines but stilted phrasing dominates.",,3,,,,,,True
hi,83_hi_identity,dce7a439-31de-48d6-8b4c-4a0c58df9011,1,agent,logical,Call was transferred abruptly without notifying the user. Agent didn't guide the user if zip code was incorrectly associated with user name or Agent didn't  called for right user id matching the zip code user mentioned. Agent also talks in 3rd person form.,3,3,3,3,3,3,3,3,,,,,,,,,,3,,,,,,True
hi,23_hi_identity,de2eca1b-2e9f-41c9-84dd-b6de763f8dd1,1,agent,transcription,Agent speaks like third person. Booking timings are different in script and audio.  Call was transferred abruptly.,1,3,3,2,3,2,2,1," robotic quality, unnatural pronunciation, or artifacts. Flat or inappropriate delivery with little variation in pitch, pace, or emphasis.",,," poorly placed — mid-sentence, mechanically regular,",,Occasional human moments but overall feels overly cooperative and tolerant.,Several noticeable mismatches between transcript and audio,Agent talks as 3rd person,,2,tick,802,"transcription, turn_taking, unnatural_language, intonation_delivery",transcription,"Agent talks as 3rd person and interruption isn't justified, Agent misreads the flight times as well.  User keeps repeating the requests and also agent's response sometimes. User's dialogue delivery is very robotic.",True
hi,[service_issue]break_apn_settings|overdue_bill_suspension|unseat_sim_card[PERSONA:Hard]_hi_identity,e5619d61-13a7-4b00-9489-e3ebfe7b6e9d,0,agent,early_termination,Call was terminated abruptly due to which user was not able to perform further steps of rebooting the phone.,3,3,3,2,3,3,3,3,,,,Backchannels exist but mostly poorly placed,,,,,,3,,,,,,True
hi,5_hi_identity,e73fbf46-f6dc-4192-9a8e-58040b88cf06,0,agent,logical,Agent didn't call tools to check the reservation mentioned in user details. Which could have helped user resolve its issue. There was some latency too from the agent side to reply to user. Also call ended abruptly without notice to the user.,3,3,3,3,3,3,3,3,,,,,,,,,,3,,,,,,True
hi,[mobile_data_issue]bad_network_preference|bad_vpn|user_abroad_roaming_enabled_off[PERSONA:Easy]_hi_identity,eb0c9e0c-5dae-4449-b39c-084277fe650c,1,user,transcription,User uses tool call functions.toggle_roaming()	 as script,2,3,3,2,3,2,3,2,More artificial than natural.,,,"mostly poorly placed — mid-sentence, mechanically regular, or forced. Doesn't backchannels as needed",,"mostly poorly placed — mid-sentence, mechanically regular, or forced.",,"verly complete sentences, formal word choice, or repeated canned constructions. Occasional natural lines but stilted phrasing dominates.",,3,,,,,,True
hi,70_hi_identity,eed7f34e-b109-4d14-a5c8-4f19283090b5,0,agent,hallucination,Agent assumed and called for wrong email at the beginning of the call. Misaligned gender of agent persona.,3,3,3,2,3,3,3,3,,,,"Backchannels exist but mostly poorly placed — mid-sentence, mechanically regular, or forced",,,,,,3,,,,,,True
ko,3_ko_identity,4b03e3d8-694f-46d5-a491-1f4994a8d76c,0,,,The call concluded successfully.,3,3,3,3,3,3,2,2,,,,,,,At 0:00 the first portion of the agent’s statement was completely missing from the transcript.,"The caller incorrectly used the Sino-Korean pronunciation ('삼개',’일개’) instead of the Native Korean pronunciation ('세개',’한개’).",,3,,,,,,True
ko,5_ko_identity,4c12067a-298e-4f31-b607-57ee227c22b1,1,,,"Although a transcription error occurred at 0:54 where the agent misheard the caller's name, the agent successfully located the correct user account, processed the caller's request, and successfully completed the call.",3,3,3,3,3,3,2,3,,,,,,,"At 7:18, the final portion of the caller’s statement was completely missing from the transcript.

At 0:00 the first portion of the agent’s statement was completely missing from the transcript.",,,3,,,,,,True
ko,58_ko_identity,5120fbf8-e871-489b-9ab5-057c4e46ad58,1,agent,logical,"At 3:10, the agent prematurely processed the exchange request without obtaining the user's confirmation. Consequently, the system could no longer accommodate the customer's full request because the state had already changed. Although the caller requested two distinct changes from the start, the agent only processed one and had to transfer the call.",3,3,3,2,3,3,2,3,,,,"The caller repeatedly made mechanical interjections like '음' (hmm) at 3:07, 3:31, and 4:17. At 3:07, the agent mistook this interjection for a confirmation and prematurely processed the change.",,,At 0:00 the first portion of the agent’s statement was completely missing from the transcript.,,The agent's phrasing '0.5 차액이 정산' sounds awkward and confusing; the fare difference should be presented clearly using standard South Korean Won (KRW) currency format such as '500원'rather than a raw decimal.,2,tick,953,"comprehension_logic, unnatural_language",comprehension_logic,"At 3:10, the agent prematurely processed the exchange request without obtaining the user's confirmation. Consequently, the system could no longer accommodate the customer's full request because the state had already changed. Although the caller requested two distinct changes from the start, the agent only processed one and had to transfer the call.",True
ko,26_ko_identity,529f4e62-9bbc-4627-af59-5b4104d36efa,1,agent,transcription,"At 1:23, the agent failed to capture the caller’s last name, incorrectly logging 'SHIM' instead of 'SHIN.' Ultimately, the agent went unresponsive, prompting the frustrated caller to disconnect.",3,3,3,3,3,3,2,3,,,,,,,At 0:00 the first portion of the agent’s statement was completely missing from the transcript.,,,2,tick,792,"transcription, latency",latency,"At 1:23, the agent failed to capture the caller’s last name, incorrectly logging 'SHIM' instead of 'SHIN.' Ultimately, the agent went unresponsive, prompting the frustrated caller to disconnect.",True
ko,16_ko_identity,621883ab-f6ef-4129-9db6-94470add39f0,0,agent,transcription,"Although the call concluded successfully, several errors occurred during the session. The initial issue arose at 0:42, when the agent did an ASR transcription error despite the caller providing accurate information but they figured out the right information after all. Additionally, the conversation experienced some interruptions from the caller(7:03~9:01).",3,3,3,2,3,3,2,3,,,,"From 7:03 to 9:01, the caller repeatedly made mechanical interjections like '음' (hmm), though it was not frequent or disruptive enough to interrupt the agent's flow.",,,At 0:00 the first portion of the agent’s statement was completely missing from the transcript.,,"Agent phrasing_naturalness issue : At 7:04, '5영업일' sounds awkward as it translates literally to '5 business days.' It should be replaced with a more natural phrasing like '영업일 기준 5일 이내에' (within 5 business days).",3,,,,,,True
ko,[mobile_data_issue]data_mode_off|data_usage_exceeded|user_abroad_roaming_disabled_off[PERSONA:Hard]_ko_identity,63a4ea6a-7e01-42b4-a92e-e80271e4bcfc,0,agent,early_termination,"While the agent was unable to locate the caller’s information, both the agent and the caller actively tried to figure out how to retrieve the account data, but the call stopped abruptly.",3,3,3,3,3,3,2,3,,,,,,,At 0:00 the first portion of the agent’s statement was completely missing from the transcript.,,"At 0:32, the agent mentioned that an search had failed. This information did not need to be shared with the customer, as it was an internal system process executed with hallucination number before any caller data was provided.",2,tick,1492,"repetition, other",other,"While the agent was unable to locate the caller’s information, both the agent and the caller actively tried to figure out how to retrieve the account data, but the call stopped abruptly.",True
ko,[mobile_data_issue]bad_network_preference|bad_vpn|data_mode_off|data_saver_mode_on|data_usage_exceeded|user_abroad_roaming_enabled_off[PERSONA:Easy]_ko_identity,64f58776-93f7-433e-a0dd-9b58d86c190b,0,agent,vad,"At 0:13, the agent abruptly interrupted the caller and performed two hallucinated account lookups despite the caller providing the correct input. Ultimately, the agent disconnected the call abruptly at the end.",3,3,3,3,3,3,2,3,,,,,,,At 0:00 the first portion of the agent’s statement was completely missing from the transcript.,,,2,tick,275,"transcription, repetition, turn_taking",transcription,"At 0:13, the agent abruptly interrupted the caller and performed two hallucinated account lookups despite the caller providing the correct input. Ultimately, the agent disconnected the call abruptly at the end.",True
ko,26_ko_identity,652bf288-2e1c-47ee-be5c-79dd6c891d34,0,,,"The caller insisted on canceling and receiving a refund, so the agent transferred the call to a human representative.",3,3,3,3,3,3,2,4,,,,,,,"At 1:59, the '[sniffle][sniffle][sniffle]' tags are included in the transcript, but the corresponding sounds are missing from the audio.

At 0:00 the first portion of the agent’s statement was completely missing from the transcript.",,,3,,,,,,True
ko,52_ko_identity,693321f8-16e5-40e4-98d0-0cf28e4567e3,1,,,"The call transferred to the human agent due to the info the caller provided does not match from the system(the agent put space in the caller’s first name, ‘JI EUN’ instead of ‘Jieun', which is not a standard transcription error.",3,3,3,2,3,3,2,3,,,,"0:15, 0:56 - Unnatural back channeling ('음', '음')",,,At 0:00 the first portion of the agent’s statement was completely missing from the transcript.,,,3,,,,,,True
ko,[service_issue]airplane_mode_on|overdue_bill_suspension[PERSONA:None]_ko_identity,6a04ce76-e963-448b-b4df-3c8bfbf87e6a,0,agent,unresponsive,"Agent went completely unresponsive immediately after the initial greeting, resulting in a customer-initiated disconnect.",3,3,3,3,3,3,2,3,,,,,,,At 0:00 the first portion of the agent’s statement was completely missing from the transcript.,,,2,tick,23,latency,latency,"Agent went completely unresponsive immediately after the initial greeting, resulting in a customer-initiated disconnect.",True
ko,20_ko_identity,6a83972c-e11d-4836-93ea-1d7641540139,0,agent,vad,"0:39 - Call failure initiated; system interrupted caller during ID input and looped generic info.
2:18 - Ongoing transcription errors forced caller to repeat info repeatedly.
9:19 - Caller expressed severe frustration ('아 진짜 이거 몇 번을 말해요'-Seriously, how many times do I have to say this...) before the call ultimately failed and transferred",3,3,3,3,3,3,2,3,,,,,,,At 0:00 the first portion of the agent’s statement was completely missing from the transcript.,,"Agent Pronunciation error: '11시' was read as Sino-Korean ('십일') instead of Native Korean ('열한'), which sounds awkward to native speakers.

Agent phrasing_naturalness : At 1:42, the agent's remark '보여서 다행이에요' sounds out of context.",1,tick,2799,"transcription, repetition, unnatural_language",repetition,"The call began to fail at 0:39 when the agent interrupted the caller while they were providing their ID. The system then repeatedly looped generic information. This transcription error persisted at 2:18, forcing the caller to repeat the same information continuously until the end. Finally, at 9:19, the frustrated caller said, '아 진짜 이거 몇 번을 말해요…' (Seriously, how many times do I have to say this...) before the call failed completely and was transferred.",True
ko,0_ko_identity,6af56ff0-86c5-42d5-a774-5bf9a2b21d0b,1,agent,transcription,"At 1:23, the agent failed to hear the caller's information at all. Ultimately, the agent remained unresponsive for over a minute, leading the frustrated caller to hang up.",3,3,3,3,3,3,2,3,,,,,,,At 0:00 the first portion of the agent’s statement was completely missing from the transcript.,,,2,overall,,"transcription, latency",transcription,"At 1:23, the agent failed to hear the caller's information at all. Ultimately, the agent remained unresponsive for over a minute, leading the frustrated caller to hang up.",True
ko,89_ko_identity,6b45b134-71b4-4832-ab59-13962ec5b2b0,1,,,"Although there were several minor issues during the session, the call concluded successfully.",3,3,2,3,3,3,2,3,,,Pacing Issue: Long numerical strings (order numbers/item IDs) were read continuously without necessary pauses.,,,,"1. At 0:00, 2:00 2:34, the caller's sneeze ('achu') was missing from the transcript.

2. At 6:52, the final portion of the caller’s statement was completely missing from the transcript.
",,"Agent Error :
1. 1:25, 3:58 (System Text Leak): Agent read internal function calls (list_all_product_types / get_product_details) directly to the caller.
2. Awkward Phrasing: Agent stated '우진님 정책에 따라'(""According to Woojin's policy"") instead of the standard customer service phrase '고객님 요청대로'(""As requested"").",3,,,,,,True
ko,[mobile_data_issue]airplane_mode_on|data_mode_off[PERSONA:None]_ko_identity,6be55c69-ce49-439a-a8e6-e03bda32372d,0,agent,transcription,"Clear transcription errors occurred at 1:06 and 2:43 despite the caller providing the correct input. Ultimately, the call stopped abruptly at the end.",3,3,3,3,3,3,2,3,,,,,,,At 0:00 the first portion of the agent’s statement was completely missing from the transcript.,,"Agent Error :
Clear transcription errors occurred at 1:06 and 2:43 despite the caller providing the correct input.
Agent interrupt the caller while she provide the info at 1:36.
",2,tick,334,"transcription, repetition, turn_taking",transcription,"Clear transcription errors occurred at 1:06 and 2:43 despite the caller providing the correct input. Ultimately, the call stopped abruptly at the end.",True
ko,[service_issue]airplane_mode_on|overdue_bill_suspension[PERSONA:None]_ko_identity,6bf22b9d-4063-4815-bc80-06991bb16f4f,0,,,"Although there were several issues occurred during the session, the call transferred successfully.",3,3,3,2,2,3,2,3,,,,"From 6:29, the caller repeatedly made mechanical interjections like '음' (hmm) which is unnatural.","At 3:31, 4:35, 4:49, and 5:23, the agent and the caller repeatedly talked over and interrupted each other, causing their statements to overlap and conflict.",,At 0:00 the first portion of the agent’s statement was completely missing from the transcript.,,,3,,,,,,True
ko,12_ko_identity,6cf8d224-81e2-4efc-8fee-83cee6cb0e78,1,agent,transcription,"At 0:37, the agent failed to hear the caller's information at all. Ultimately, the agent remained unresponsive for over a minute, leading the frustrated caller to hang up.",3,3,3,3,3,3,2,3,,,,,,,"At 0:08, the caller's coughing sound was not transcribed.
At 0:00 the first portion of the agent’s statement was completely missing from the transcript.",,,2,overall,,"transcription, latency",latency,"At 0:37, the agent failed to hear the caller's information at all. Ultimately, the agent remained unresponsive for over a minute, leading the frustrated caller to hang up.",True
ko,41_ko_identity,6d0486e2-28d6-40e0-a661-1cdccfbcf313,1,agent,transcription,"At 1:25, the agent failed to accurately capture the caller’s user ID, forcing the caller to repeat it several times while continuously logging it incorrectly. Later, the agent went unresponsive, prompting the frustrated caller to disconnect.",3,3,3,3,3,3,2,3,,,,,,,"At 0:00 the first portion of the agent’s statement was completely missing from the transcript.
",,"Agent side error:
0:09 - Wrong transcription for '드릴좋아요'.
Agent had multiple delayed responses mid-call before a final extended silence caused the frustrated caller to hang up.",2,tick,428,"transcription, latency, repetition",transcription,"At 1:25, the agent failed to accurately capture the caller’s user ID, forcing the caller to repeat it several times while continuously logging it incorrectly. Later, the agent went unresponsive, prompting the frustrated caller to disconnect.",True
ko,[mobile_data_issue]data_mode_off|data_usage_exceeded|user_abroad_roaming_disabled_off[PERSONA:Hard]_ko_identity,6dc7363b-4ee8-40aa-ae53-f47a99cd46e7,0,agent,logical,"The agent was unable to locate the caller’s information because at 0:47 and 1:30, they attempted to look up the account using English characters even though the caller had provided their name in Korean. Ultimately, the call disconnected abruptly in the middle of their conversation.",3,3,3,3,3,3,2,3,,,,,,,At 0:00 the first portion of the agent’s statement was completely missing from the transcript.,,,2,tick,239,"repetition, other",other,"1. Lookup Error (0:47, 1:30): Agent failed to find the account by incorrectly searching with English characters instead of the provided Korean name.
2. Call Drop: Interaction disconnected abruptly mid-conversation.",True
ko,85_ko_identity,70caba9f-7848-4299-a068-b4a5ff99ffbf,1,,,"Despite poorly timed backchannels from the caller's side, the call proceeded smoothly.",3,3,3,2,2,3,2,3,,,,"The caller repeatedly made mechanical interjections like '음' (hmm) at 3:43 and 4:25. Furthermore, between 5:11 and 5:28, the '음' (hmm) backchannel occurred four times, sounding highly unnatural and rising to the level of interrupting the agent.","Between 5:11 and 5:28, the '음' (hmm) backchannel occurred four times, sounding highly unnatural and rising to the level of interrupting the agent.
",,At 0:00 the first portion of the agent’s statement was completely missing from the transcript.,,,3,,,,,,True
ko,21_ko_identity,7197e600-bb0a-4b55-8d90-8a96423c4339,0,,,"The call ended successfully. The agent and the caller communicated effectively when resolving confusion regarding specific numbers, such as item IDs.",3,3,2,3,3,2,2,3,,,Pacing Issue: Long numerical strings (order numbers/item IDs) were read continuously without necessary pauses.,,,"The caller tends to recite long numbers (such as order numbers and item IDs), requests, and confirmations mechanically. Given the length of these numbers, this lack of pacing feels unnatural and unlike human behavior. (Observed at 5:22, 6:27, 7:23, and 8:56).",At 0:00 the first portion of the agent’s statement was completely missing from the transcript.,,,3,,,,,,True
ko,97_ko_identity,72313453-53b2-44dc-b01d-707424e15d34,1,agent,transcription,"Although the call concluded successfully, there were several minor issues during the session.(Transcription, wrong pronunciation,etc)

",3,3,3,2,3,3,2,3,,,,"From 6:51 to 7:10, the caller repeatedly made mechanical interjections like '음' (hmm) 4 times awkwardly.",,,"1. At 0:00 the first portion of the agent’s statement was completely missing from the transcript.
2. At 6:52, the final portion of the caller’s statement was completely missing from the transcript.
3. At 3:08, the caller's sneeze ('achu') was missing from the transcript.",,"Agent Error:
1. Acoustic Error: Incorrect pronunciation of number string '#W6750959' (misread with an '8' phoneme sound).
2. Localization Failure: System status updates ('pending', 'items modified') leaked directly in English text-to-speech rather than being presented in localized Korean",3,,,,,,True
ko,47_ko_identity,75390f27-8ad2-4483-862e-f1f6307288ec,1,,,"The call concluded with a dispute between the caller—who provided their account ID, zip code, and order number—and the agent, who insisted that verification was impossible using just the user ID or order number. It seems unusual that verification could not be completed despite the caller providing both a valid user ID and an order number.",2,3,3,3,3,3,2,3,Pronunciation Error: The pronunciation of 'Cho' in the name 'Seungmin Cho' sounds unnatural.,,,,,,"The transcript and the audio do not match; the greeting '안녕하세요, 무엇을 도와드릴까요?' is missing from the audio.",,,2,overall,,"repetition, other",other,"The call concluded with a dispute between the caller—who provided their account ID, zip code, and order number—and the agent, who insisted that verification was impossible using just the user ID or order number. It seems unusual that verification could not be completed despite the caller providing both a valid user ID and an order number.",True
ko,[mms_issue]break_apn_mms_setting|data_mode_off|data_usage_exceeded|user_abroad_roaming_disabled_on[PERSONA:Hard]_ko_identity,75e333c3-0d02-4d50-8158-d6d65cb437d2,1,,,"Although there were several minor issues during the session, the troubleshooting call concluded successfully.
",3,3,3,2,3,3,2,2,,,,"From 7:21 to the end, the caller repeatedly made mechanical interjections like '음' (hmm) frequently, which is awkward.
",,,"At 0:00 the first portion of the agent’s statement was completely missing from the transcript.
","The agent use English pronunciations for 4G (""Four-G"") and 5G (""Five-G"") coreectly, but the caller uses Korean pronunciation for ""사 지"", ""오 지""). In Korea, cellular generations are standard loanwords and should always be spoken using English numbers.","At 9:04, right in the middle of the conversation, the agent suddenly blurted out the initial greeting, '네, 안녕하세요!' (Yes, hello!), which was highly unnatural and out of context.",3,,,,,,True
ko,[mms_issue]break_apn_mms_setting|data_mode_off|data_usage_exceeded|user_abroad_roaming_disabled_on[PERSONA:Hard]_ko_identity,762510f7-38e5-421a-b1ad-88c81a71a7c2,0,,,"Although there were several minor issues during the session, the troubleshooting call concluded successfully.",3,3,3,2,3,3,2,3,,,,"The '음' (hmm) backchannel sound occurred approximately 7 times throughout the call, including at 3:15, 5:51, and 6:19. These frequent, brief interjections sounded unnatural and disrupted the conversation flow.",,,"At 0:00 the first portion of the agent’s statement was completely missing from the transcript.

At 7:53, agent’s statement was missing from the transcript.",,,3,,,,,,True
ko,42_ko_identity,d9bc68de-fd58-4ab4-8649-99606eba4edf,0,agent,unresponsive,"After the first greeting, the agent remained completely unresponsive despite input from the caller.",3,3,3,3,3,3,2,3,,,,,,,"At 0:57, the final portion of the caller’s statement was completely missing from the transcript.",,,2,tick,73,latency,latency,"After the first greeting, the agent remained completely unresponsive despite input from the caller.",True
ko,21_ko_identity,e2081cd8-0b1f-4ae7-aafa-b5c347e3b50f,1,agent,transcription,"The agent forced the caller to repeat her name five times before the agent finally captured it. At 3:28, the agent failed to look up the account by name and searched by reservation ID instead. The agent claimed they could not find the Houston-to-Denver flight in the reservation list, even though the system successfully located the itinerary under 'IAH to DEN'; the agent simply failed to match the two. Ultimately, the call had an abrupt ending at 9:30.",3,3,3,3,3,3,2,3,,,,,,,At 0:00 the first portion of the agent’s statement was completely missing from the transcript.,,"Agent-Side Errors:
Pronunciation errors of the caller's name at 4:03, 6:02, and 9:02
8:02 - Agent missed the caller's name entirely.

The agent's greeting '오늘은 어떤 도와드릴까요?' sounds awkward and grammatically incorrect. It should be '오늘 어떻게 도와드릴까요?' (How can I help you today?).

Flight Matching Issue: Agent incorrectly claimed the Houston-to-Denver flight was missing because they failed to recognize it under the system's 'IAH to DEN' airport code format.",2,overall,,"transcription, repetition, other",transcription,"Name Capture: System forced caller to repeat her name 5 times.
3:28 (Lookup Failure): Agent searched by reservation ID instead of name.
Itinerary Mismatch: Agent claimed Houston-to-Denver flight was missing, failing to match it with the system's 'IAH to DEN' log.
9:30 (Drop): Call ended abruptly.",True
ko,40_ko_identity,e7345420-4b02-420b-a4b8-1d10a4572208,1,agent,transcription,"At 0:38, the agent failed to accurately capture the caller’s email address, incorrectly logging the at-sign ('@') instead of a period ('.'). Later at 2:51, the agent interrupted the caller and went unresponsive, prompting the frustrated caller to disconnect.",3,3,3,3,3,3,2,3,,,,,,,"At 1:14, the caller's sneeze ('achu') was missing from the transcript.

At 0:00 the first portion of the agent’s statement was completely missing from the transcript.",,,2,tick,193,"transcription, latency, turn_taking",transcription,"At 0:38, the agent failed to accurately capture the caller’s email address, incorrectly logging the at-sign ('@') instead of a period ('.'). Later at 2:51, the agent interrupted the caller and went unresponsive, prompting the frustrated caller to disconnect.",True
ko,[service_issue]airplane_mode_on|contract_end_suspension|lock_sim_card_pin|unseat_sim_card[PERSONA:Hard]_ko_identity,e8e6b655-6c4a-48f0-843d-8882a9975a36,0,agent,early_termination,"While both the agent and the caller were actively troubleshooting the 'No Service' phone issue, the call disconnected abruptly in the middle of their conversation.",3,3,3,3,3,2,2,3,,,,,,"At 6:33, the caller mechanically repeated the agent's statement word-for-word, which sounded a little awkward.",At 0:00 the first portion of the agent’s statement was completely missing from the transcript.,,,2,tick,2508,other,other,"While both the agent and the caller were actively troubleshooting the 'No Service' phone issue, the call disconnected abruptly in the middle of their conversation.(Early Termination Error)",True
ko,70_ko_identity,ea1147e5-6b89-4003-a2aa-eeb1380d7467,0,agent,hallucination,"At 0:49, the agent hallucinated information during an account lookup. This was followed by a transcription error at 1:28, which forced the caller to repeat themselves several times. Ultimately, the agent failed to resolve the issue, and the call had to be transferred.",3,3,3,3,3,3,2,3,,,,,,,At 0:00 the first portion of the agent’s statement was completely missing from the transcript.,,"There was awkward phrasing from the agent at 0:14, where the word '좋아요' (Good) was unnecessarily repeated twice ('좋아요, 먼저 본인 확인부터 도와드릴게요. 좋아요. 본인 확인을 위해'). Additionally, at 2:04, the system announcement 'You are being transferred to a human agent' was played unexpectedly in English instead of Korean.",2,tick,249,"transcription, repetition, other",other,"At 0:49, the agent hallucinated information during an account lookup. This was followed by a transcription error at 1:28, which forced the caller to repeat themselves several times. Ultimately, the agent failed to resolve the issue, and the call had to be transferred.",True
ko,[mms_issue]bad_wifi_calling|break_apn_mms_setting|break_app_sms_permission|data_usage_exceeded[PERSONA:Hard]_ko_identity,ede4750a-b1a5-4eee-b62e-8b354c394f7a,1,agent,unresponsive,"The agent was unable to locate the caller's information despite the caller repeating the spelling of their name 4 times. Ultimately, the agent became unresponsive, prompting the frustrated caller to hang up.",3,3,3,2,3,2,2,2,,,,"From 4:01 to 4:48, the caller repeatedly made mechanical interjections like '음' (hmm) 3 times awkwardly.",,"The agent failed to find the account info despite the caller's 4 name-spelling attempts. Surprisingly, the caller apologized and remained overly calm, making their behavior seem unnaturally robotic and AI-like.",At 0:00 the first portion of the agent’s statement was completely missing from the transcript.,"The caller uses Korean pronunciation for ""오 지” for  5G (""Five-G"") . In Korea, cellular generations are standard loanwords and should always be spoken using English numbers.",,2,tick,1614,"transcription, latency, repetition",latency,"The agent was unable to locate the caller's information despite the caller repeating the spelling of their name 4 times. Ultimately, the agent became unresponsive, prompting the frustrated caller to hang up.",True
zh,[mms_issue]break_apn_mms_setting|data_mode_off|user_abroad_roaming_disabled_on[PERSONA:Hard]_zh_identity,52b0c0ae-e846-4cd4-818a-331465eeb291,0,agent,hallucination,The agent hallucinated incorrect user name for the lookup: Tick314-'MONG QI TAO' & Tick484-‘SONG QI TAO’,3,3,3,3,3,3,4,3,,,,,,,,,,3,,,,,,True
zh,[service_issue]airplane_mode_on|break_apn_settings|contract_end_suspension|lock_sim_card_pin[PERSONA:None]_zh_identity,54771534-61cc-4a82-bf2c-a61f42831462,0,agent,hallucination,Tick 398 568 912 -- The agent repeatedly interrupted the user while the user was providing the phone number and hallucinated incorrect phone numbers for the lookup,3,3,3,3,3,3,4,3,,,,,,,,,,2,overall,,"transcription, turn_taking",transcription,"The agent repeatedly interrupted the user and misrecognized the provided information, forcing the user to repeat their phone number and name multiple times. This made the interaction feel unintelligent and ineffective.",True
zh,[service_issue]break_apn_settings|overdue_bill_suspension|unseat_sim_card[PERSONA:Hard]_zh_identity,572c824e-2fbc-42fe-9bc5-6c496122c653,1,agent,logical,The agent tool -'make_payment'is unavailable.,3,3,2,3,3,3,4,3,,,"Tick 819-843  869-893 899-923 949-973 979-1003 -- The user and agent repeatedly spoke at the same time. The agent did not respond appropriately to the user's interruptions, and the user also did not wait for the agent to finish speaking.
",,,,,,,3,,,,,,True
zh,[mobile_data_issue]bad_network_preference|bad_vpn|data_mode_off|data_saver_mode_on|data_usage_exceeded|user_abroad_roaming_enabled_off[PERSONA:Easy]_zh_identity,5766c27b-64c3-4a5e-a0e1-2349df82e3e3,0,,,,3,3,3,3,3,3,4,3,,,,,,,,,,3,,,,,,True
zh,20_zh_identity,5d97a8e0-2383-4f92-8bb2-084f5d117710,0,agent,transcription,"Tick 172 & 259 —— The agent incorrectly recognized ""Z"" as ""C""",3,3,3,3,3,3,4,3,,,,,,,,,,3,,,,,,True
zh,8_zh_identity,5e40e500-0612-41b8-a5ef-02356e5214e9,1,,,,3,3,3,3,3,3,4,3,,,,,,,,,,2,tick,1400,other,other,"Insufficient communication before committing action ：Tick 1400-1458 -- The agent told the user: “再根据你说的价格上限来决定人数。稍等我一下。订好了！” (I will decide the number of passengers based on your price limit. Please wait a moment. It's booked!)

However, before confirming the booking, the agent should have informed the user that the total amount was 348 （tick 1399 - provide by agent tool), confirmed that this met the user's requirement of booking tickets for two people within the 500 price limit, and reconfirmed the user's previous requirement that payment could only be made using the travel voucher.

Instead, the agent proceeded with the booking and payment without informing or confirming with the user. As a result, at Tick 1599-1718, the user had to ask: "" wait, what was the total price just now? Was it paid only using the travel voucher?""
",True
zh,6_zh_identity,5e53c39a-7b83-4b22-8aa7-c54179428188,1,,,,3,3,2,3,3,3,4,3,,,"The user and agent repeatedly spoke at the same time. The agent did not respond appropriately to the user's interruptions, and the user also did not wait for the agent to finish speaking.
Tick  309-386 & 1266-1270 & 1419-1443 & 1559-1656 & 1709-1733 & 1799-1880
",,,,,,,3,,,,,,True
zh,7_zh_identity,5f950eb1-8ad1-4e75-8cd0-0e06680dbdc6,0,agent,transcription,Tick 447 452 790 1465 1829 2249 2255 -- The agent repeatedly misrecognized user's correct ID and reservation IDs.,3,3,3,3,3,3,4,3,,,,,,,,,,2,overall,,transcription,transcription,"The agent repeatedly misrecognized the correct ID, making the interaction feel impossible to communicate through",True
zh,21_zh_identity,603978a6-4604-4864-8590-5bba84fc4bcd,0,user,logical,"The user repeatedly asked the agent for the fastest option on 27th May, even though the agent had already explained multiple times that there were no available options on that date
",3,3,3,3,3,3,4,3,,,,,,,,,,3,,,,,,True
zh,0_zh_identity,60a9c648-02d8-4986-8ee0-58dff7513dda,0,agent,transcription,"The agent repeatedly misrecognized the right ID [xue_song_9957] provide by user, causing the tool returned as [Error: User xue_songs_9957 not found]. As a result, the agent was unable to proceed with the order cancellation, causing the task to fai.",3,3,3,3,3,3,4,3,,,,,,,,,,2,overall,,transcription,transcription,"In this call, user repeated her ID 5 times but the agent still failed to transcript it correctly, making the interaction feel unintelligent and ineffective.",True
zh,47_zh_identity,67fb5e33-b745-4aee-ae03-b4c644ef3c2d,1,,,,3,3,3,3,3,3,4,3,,,,,,,,,"Tick 330-405 -- Language naturalness: the user said “这个来龙去脉其实很简单”, a more natural expression would be “我的诉求很简单”",3,,,,,,True
zh,66_zh_identity,6ac90283-0e95-4c08-ab2c-190fc40d6e97,0,agent,transcription,Tick 411 -- The agent missed number 5 from the correct Zipcode provided by user,3,3,3,3,3,3,4,3,,,,,,,,,,3,,,,,,True
zh,58_zh_identity,6e37e461-9cff-4d36-a086-419c34535253,1,user,logical,The user was unable to provide the requested information (first name and last name),3,3,3,3,3,3,4,3,,,,,,,,,,3,,,,,,True
zh,65_zh_identity,6f768b2e-e151-4b98-a52c-9b0ba2001bb5,0,agent,transcription,Tick 262 & 492 -- The agent repeatedly misrecognized user's correct zip code.,3,3,3,3,3,3,4,3,,,,,,,,,,3,,,,,,True
zh,[mms_issue]airplane_mode_on|bad_network_preference|break_app_storage_permission|data_mode_off|user_abroad_roaming_enabled_off[PERSONA:Easy]_zh_identity,722965aa-65eb-4b28-b12f-22678f63de56,0,user,logical,"The user was unable to provide the required information for identity verification
",3,3,3,3,3,3,4,3,,,,,,,,,,3,,,,,,True
zh,[mms_issue]break_app_storage_permission|unseat_sim_card|user_abroad_roaming_disabled_on[PERSONA:Easy]_zh_identity,7322d5c8-27ed-4af1-b743-44749ea12d2a,0,,,"This was a successful call. The agent first guided the user through troubleshooting steps and transferred the call to a human agent with the user's confirmation.

",3,3,3,3,3,3,4,3,,,,,,,,,,2,tick,261,social_offense,social_offense,"Tick 261-375 -- After the user provided the name ""Liu Feng"", the agent incorrectly addressed the user as ""周芳女士"", which was a hallucinated name and gender not provided by the user",True
zh,42_zh_identity,77da99e6-2d7b-4dc7-9828-1f853b558b1f,1,,,,3,3,3,3,3,3,3,3,,,,,,,,,"Tick 790-1053 & 1054-1243 —— Both the user and the agent mispronounced the terms. The correct pronunciations are Chaoyang (朝阳, Cháo yáng) and Danyuan (单元, dān yuán).",3,,,,,,True
zh,18_zh_identity,7a9dc63a-ab55-43f2-8cc9-c9153d3a546c,0,agent,transcription,Tick 369 & 673 - The agent misrecognized user's right postcode [637332] as [63732],3,3,3,3,3,3,4,3,,,,,,,,,,3,,,,,,True
zh,112_zh_identity,7ec65533-9960-4ce6-b13a-9e89c40ab12f,1,,,,3,3,4,3,3,3,3,3,,,,,,,,,"Tick 132-181 — Wrong pronunciation: The user pronounced ""262699"" as ""2626part？""

Tick 659-818 — Unnatural expression: The user said ""不想在电话里念地址"". In this context, the more natural expression would be ""不想在电话里说/讲"" or ""就不在这说了“",4,,,,,,True
zh,23_zh_identity,80df81cf-df11-4fe9-af06-7c078ce3f59b,0,,,,3,3,2,3,3,3,4,3,,,"Tick 1489-1513 & 2209-2233, the user and agent were talking past each other.
",,,,,,,3,,,,,,True
zh,[mms_issue]airplane_mode_on|bad_network_preference|bad_wifi_calling|break_apn_mms_setting|break_app_storage_permission|data_mode_off|data_usage_exceeded|unseat_sim_card|user_abroad_roaming_disabled_off[PERSONA:Easy]_zh_identity,81e1f6a3-ffc2-4cc1-8ef3-99d800ffb95e,0,agent,hallucination,Tick 562 718 1018 1861 -- The agent repeatedly interrupted the user while the user was providing the phone number and hallucinated incorrect phone numbers for the lookup,3,3,3,3,3,3,4,3,,,,,,,,,,1,overall,,"transcription, turn_taking",transcription,"The agent failed to properly understand and retain user-provided information, resulting in a frustrating and inefficient interaction.",True
zh,[mobile_data_issue]airplane_mode_on|bad_network_preference|bad_vpn|data_mode_off|data_saver_mode_on|data_usage_exceeded|user_abroad_roaming_enabled_off[PERSONA:Easy]_zh_identity,82e0f8cc-9eb9-4598-b649-8978db7c7a00,0,agent,logical,The agent tool failed to lookup user's correct name and DOB.,3,3,3,3,3,3,4,3,,,,,,,,,,3,,,,,,True
zh,4_zh_identity,8526992d-9aef-4315-8793-557393e8eaaa,1,agent,early_termination,The agent ended the call and transferred the user to a human agent without informing the user.,3,3,3,3,3,3,4,3,,,,,,,,,"Tick 873-1070 -- Inappropriate language: The agent misrecognized the user's cough as laughter and said, ""您的笑声... 是不是觉得这件事情有点好笑?"" (""You are laughing, do you think this is funny?""). This response was inappropriate and could make the user feel uncomfortable",3,,,,,,True
zh,48_zh_identity,86d58dc3-5579-45ce-9aea-d4eeec00001f,1,agent,early_termination,"The agent unexpectedly ended the call and transferred the user to a human agent without informing the user that a refund was available or proceeding with the refund process.
",3,3,3,3,3,3,4,3,,,,,,,,,,3,,,,,,True
zh,45_zh_identity,e3970b0b-30e1-4ddd-8c62-528aa7d69475,0,agent,logical,"Tick 732-808 —— The agent proceeded with the refund without confirming whether the user met the cancellation eligibility requirements.
",3,3,3,3,3,3,4,3,,,,,,,,,,3,,,,,,True
zh,38_zh_identity,e46be700-39b5-4d8f-97c6-7d396f76f83a,0,,,,3,3,3,3,3,3,4,3,,,,,,,,,,4,,,,,,True
zh,[service_issue]airplane_mode_on|break_apn_settings|overdue_bill_suspension[PERSONA:None]_zh_identity,e5bbcf5a-cfe6-4bfe-a916-833cb356796f,1,agent,transcription,"The agent misrecognized user's correct number multiple times. Tick 913-934, 961-1037, 1256-1288, and 1326-1405",3,3,3,3,3,3,4,3,,,,,,,,,,2,overall,,"transcription, latency, turn_taking",transcription,"Tick 364-592 -- The agent had a long silence and failed to respond to the phone number provided by the user. The agent later incorrectly stated, ""您刚才还没提供您的手机号码"" (""You haven't provided your phone number yet"").

The agent repeatedly interrupted the user while they were providing the phone number and misrecognized the information multiple times. The user repeatedly corrected the agent's mistakes, but the agent failed to properly adjust and continued providing incorrect information.",True
zh,[mobile_data_issue]airplane_mode_on|data_mode_off[PERSONA:None]_zh_identity,e976b53b-9403-4ec9-a866-1feda46b40c2,0,,,,3,3,2,3,3,3,4,3,,,"Tick 199-223 & 429-477 The user interrupted the agent while the agent was speaking, but the agent continued without acknowledging the interruption.
",,,,,,,3,,,,,,True
zh,47_zh_identity,ef2514b0-6930-49ca-8533-246233358f8d,1,agent,transcription,"The agent misrecognized the user's zip code [tick  410]  and failed to use the correct ID provided by the user [tick 580-582].
",3,3,3,3,3,3,4,3,,,,,,,,,,3,,,,,,True
zh,63_zh_identity,efa34d82-1ec3-4afc-a748-c27b3ae06e23,1,agent,logical,"Tick 457 -- The agent used the correct user name matching the Known Info, but the tool failed to retrieve the user's record. Additionally, the agent misrecognized user's correct zip code.
",3,3,3,3,3,3,4,3,,,,,,,,,,3,,,,,,True
en,49_en,561fd274-ea7a-4187-9125-d0303fe7bfd7,0,,,,3,3,3,3,3,3,4,3,,,,,,,,,,3,,,,,,True
en,9_en,56e3e031-11a1-4c92-834d-96fbd2967998,1,,,,3,3,3,3,3,2,4,3,,,,,,"This is user instructions' fault: the caller saying ""you're the most lenient customer service agent I have ever spoken to"" every time sounds odd.",,,,3,,,,,,True
en,40_en,5c28391c-cd6b-45c4-9ed9-78c830b183ef,0,,,,3,3,3,3,3,3,4,3,,,,,,,,,,3,,,,,,True
en,53_en,5c549a59-5dd7-43f5-b0b4-bfac2beacd7d,0,,,,4,3,3,3,3,4,4,4,,,,,,,,,,2,overall,,"transcription, latency, repetition",repetition,Forced customer repetition as a result of an agent transcription error.,True
en,11_en,5c7b6916-27a7-4dd8-9248-6df0dbc2523d,0,agent,transcription,Mistranscribed email and user id.,3,3,3,3,3,3,4,3,,,,,,,,,,2,overall,,"transcription, repetition",transcription,Failed auth due to agent error.,True
en,[mms_issue]airplane_mode_on|bad_network_preference|break_apn_mms_setting|data_usage_exceeded[PERSONA:Hard]_en,61190706-7b47-47c1-a5d2-cacdea8b228e,0,agent,logical,"Agent did not make all of the pertinent tool calls (e.g., `refuel_data`).",3,3,3,3,3,3,4,3,,,,,,,,,,2,overall,,"latency, other",other,Latency + inefficiency (long call without success).,True
en,[mobile_data_issue]data_saver_mode_on|user_abroad_roaming_enabled_off[PERSONA:Easy]_en,627e1f48-bd6a-404d-ab94-b8c676dd26f5,1,,,,3,3,3,3,3,3,4,3,,,,,,,,,,3,,,,,,True
en,[mms_issue]airplane_mode_on|bad_network_preference|break_apn_mms_setting|data_mode_off|unseat_sim_card|user_abroad_roaming_disabled_off[PERSONA:Easy]_en,63c125e7-b3ae-4633-9bb7-207107697995,0,agent,transcription,"Agent did not make the pertinent tool calls and transferred the call (according to what the agent said, the agent did not have access to the pertinent tools(?))",3,3,3,3,4,3,4,3,,,,,,,,,,2,overall,,"transcription, repetition, other",repetition,Forced customer repetition + agent did not make much to try to solve the problem (transferred instead).,True
en,[mms_issue]bad_network_preference|break_app_sms_permission|user_abroad_roaming_disabled_on[PERSONA:Hard]_en,63d517a9-8fc9-465d-8539-338b4f5097e2,0,agent,logical,Agent did not make all of the pertinent tool calls (failed to solve the problem and ultimately transferred the call).,3,3,3,3,3,3,4,3,,,,,,,,,,3,,,,,,True
en,13_en,640ab1ba-f73f-4a32-a98f-18f164779727,1,,,,3,3,3,3,3,4,4,4,,,,,,,,,,2,overall,,turn_taking,turn_taking,Agent stops speaking after every backchannel signal.,True
en,[mms_issue]bad_network_preference|break_app_sms_permission|data_mode_off|data_usage_exceeded|user_abroad_roaming_enabled_off[PERSONA:None]_en,64888e25-6c5d-490f-9e60-31171e91809c,0,agent,logical,Agent did not make all of the pertinent tool calls.,3,3,3,2,3,3,4,3,,,,"Too much ""aha"" (seems a bit off sometimes--too repetitive).",,,,,,2,overall,,"latency, intonation_delivery, other",other,"Agent was not efficient, did not solve the problem, and had to escalate matters to a human agent.",True
en,[mobile_data_issue]bad_network_preference|bad_vpn|user_abroad_roaming_disabled_on[PERSONA:None]_en,64c7e8a3-77e0-4f24-b657-b08cb3dc7848,1,agent,logical,Agent did not make all of the pertinent tool calls (failed to solve the problem and ultimately transferred the call).,3,3,3,3,3,3,4,3,,,,,,,,,,3,,,,,,True
en,26_en,65471c23-2ea0-41bc-ab37-9e8a25e23c05,1,,,,4,3,3,3,4,4,4,3,,,,,,,,,,2,tick,459,"turn_taking, social_offense",turn_taking,Rude interaction.,True
en,5_en,6613db49-2a95-4516-b3f9-cabb5471dfb2,0,,,,3,3,3,3,3,3,4,3,,,,,,,,,,3,,,,,,True
en,16_en,66afe760-ed5f-441a-a79c-e58b04f22089,0,,,,3,3,3,3,3,3,3,3,,,,,,,,,,4,,,,,,True
en,47_en,6704f694-bd9d-4d1a-8b96-5b5d00f4bcbf,0,,,,3,3,3,3,3,3,4,4,,,,,,,,,,1,tick,869,"turn_taking, social_offense",turn_taking,Rude interaction (this is one of those calls where the outcome seems technically correct according to the DB Check but the experience wasn't good).,True
en,18_en,67410c79-92e8-45a7-ad45-4ba05eee7bc9,1,agent,logical,Agent mentioned experiencing some technical issues that needed to be escalated to a human agent (ultimately transferred the call).,3,3,3,4,3,3,4,3,,,,,,,,,,2,overall,,"comprehension_logic, other",comprehension_logic,Agent was inefficient and unable to solve one of the requests due to 'technical issues' and did not follow up in the end (ultimately transferring the call).,True
en,7_en,68bb0daf-b161-412d-b706-1a9c5b48e54f,1,agent,unresponsive,Latency by the agent led to the caller ending the call.,3,3,3,3,3,4,4,3,,,,,,,,,,2,tick,695,latency,latency,Unresponsiveness led to the caller ending the call without solving the problem.,True
en,14_en,690914f2-64d7-437f-8a73-7ee49919cb08,1,,,,3,3,3,3,3,3,4,4,,,,,,,,,,2,overall,,"transcription, repetition, turn_taking",transcription,Agent stopped speaking after every backchannel signal and background conversation.,True
en,68_en,6922fc2d-2f0a-44f0-bb34-0e8e41874b95,0,agent,early_termination,Agent did not let the user correct himself and transferred the call prematurely.,3,3,3,3,3,4,4,4,,,,,,,,,,2,,,"turn_taking, other",turn_taking,Agent did not let the user correct himself and transferred the call prematurely.,True
en,[mobile_data_issue]airplane_mode_on|bad_network_preference|data_saver_mode_on|data_usage_exceeded|user_abroad_roaming_disabled_off[PERSONA:None]_en,707cf8d6-f579-486b-9340-b3e4ab5228f4,0,agent,logical,Agent did not make all of the pertinent tool calls to solve the problem (failed to solve the problem and ultimately transferred the call).,3,3,3,3,3,3,4,3,,,,,,,,,,2,overall,,other,other,"Verbosity + agent was inefficient (failed to solve the problem and, after 8 min of call, transferred the call).",True
en,[mms_issue]airplane_mode_on|break_app_both_permissions|data_usage_exceeded|user_abroad_roaming_disabled_off[PERSONA:None]_en,75708153-3673-469c-b505-ad8ffe3ad40a,0,,,,3,3,3,3,3,4,4,3,,,,,,,,,,2,overall,,"latency, turn_taking",latency,Latency + interruptions by the agent (long call),True
en,63_en,7c8b7882-012a-41d0-8795-2926d850dfcb,1,,,,3,4,3,3,3,3,4,4,,,,,,,,,,3,,,,,,True
en,49_en,7d1dd1fc-f1db-4b0a-aad1-29fe9f77124c,0,,,,3,3,3,3,3,4,4,4,,,,,,,,,,4,,,,,,True
en,[mobile_data_issue]data_saver_mode_on|user_abroad_roaming_enabled_off[PERSONA:Easy]_en,e1fec473-98cc-4879-9f89-0cbe31325061,1,,,,4,3,4,3,3,3,4,3,,,,,,,,,,3,,,,,,True
en,[mobile_data_issue]airplane_mode_on|data_mode_off[PERSONA:None]_en,e3584997-ff64-4488-a332-67f6fc245746,1,,,,3,3,3,3,3,4,4,4,,,,,,,,,,4,,,,,,True
en,40_en,e3756175-13cd-4bf6-98b8-4697199e7b62,1,,,,3,3,3,2,3,3,4,3,,,,"""AHA"" is repetitive and monotonous (unnatural)",,,,,,3,,,,,,True
en,31_en,e707ce66-22c2-4acd-a11c-1281baa00c58,1,,,,3,3,3,3,3,3,4,3,,,,,,,,,,3,,,,,,True
en,43_en,ec4acea0-4194-4a2a-afa1-fb19d53081bb,1,,,,3,3,3,3,3,4,4,3,,,,,,,,,,3,,,,,,True
en,74_en,f0c9f135-0234-4045-9d8f-476d23e28750,1,agent,logical,Agent cancelled the wrong order (confused orders).,3,3,3,3,3,3,4,3,,,,,,,,,,2,overall,,comprehension_logic,comprehension_logic,Agent made a logical error (did not solve problem and transferred the call).,True
