row_id,language,review_scope,category,title,observed_issue,native_expectation,example,conversation_ref,severity,human_note
05582e5f736922225a2e,es,retained_factor_clause,"Numbers (word-forms, gender, dates)",Dates: day-month order and 'el … de …',Uses month-day order or ordinals for all days ('el primero/segundo/tercero de…'),"Day before month with cardinals: 'el quince de marzo'; only the 1st may be ordinal in some regions ('el primero', LatAm) vs cardinal 'el uno de' (Spain). Year as full number: 'dos mil veinticinco', not 'veinte veinticinco'",,,2 – clearly off,
1c32d9c7a224c019e0b6,es,retained_factor_clause,"Numbers (word-forms, gender, dates)",Number gender agreement with nouns,"Uses invariant 'uno/veintiuno' before feminine nouns: 'veintiuno tarjetas', 'uno reserva'","Apocope/feminine: 'una reserva', 'veintiún euros', 'veintiuna tarjetas', 'doscientas millas/personas' vs 'doscientos euros'",,,2 – clearly off,
26b1ec7c3dd5869cc344,es,retained_factor_clause,Domain terminology,Native airline/telecom/retail terms vs English calques,"Uses anglicisms/calques: 'cancelar mi booking', 'el refund', 'hacer un return', 'mi data plan', 'check-in' said English-style","'mi reserva', 'el reembolso/la devolución', 'una devolución', 'mi tarifa de datos/plan de datos', 'facturación' o naturalized 'el check-in'; 'reembolso' not 'refund'",,,3 – breaks the illusion,
3320979c1a3131e7afac,es,retained_factor_clause,"Entities (booking refs, codes)",Alphanumeric codes: native letter names + spelling alphabet,Spells letters with English names ('A B C' as /ei bi si/) or uses NATO/English spelling words ('B as in Bravo'),"Spanish letter names ('be', 'uve/ve', 'i griega/ye', 'hache', 'jota', 'doble u') and Spanish clarifiers: 'B de Barcelona', 'N de Navarra'. Double letter: 'doble ele' or 'dos eles'",,,3 – breaks the illusion,
60b0d3e0d6de72ceb907,es,retained_factor_clause,Formal vs informal (usted/tú),Default to usted in service calls,"Defaults to tú (English-centric, treats all 'you' as neutral), or mixes tú and usted within one turn","Spanish-speaking caller and agent use usted throughout a cold service call: '¿Me podría ayudar?', 'Quisiera consultar...'; verbs, clitics and possessives stay 3rd person ('su reserva', 'le confirmo'). Switching to tú reads as rude or non-native",,,3 – breaks the illusion,
66c68e04dbc879549692,es,retained_factor_clause,Disfluencies & fillers,Native hesitation markers,"Inserts English-shaped fillers ('um', 'uh') or none at all; overuses 'pues' mechanically","Uses 'eh…', 'este…' (LatAm), 'o sea', 'a ver', 'pues nada', 'es que…' to preface a problem ('Es que no me llegó el reembolso')",,,2 – clearly off,
8c47c14b2e79c2384fc8,es,retained_factor_clause,Regional variety (LatAm vs Spain),Region-locked lexicon must stay consistent,Mixes Peninsular and LatAm markers in one persona: 'vale' + 'ahorita' + 'coger el vuelo' + 'vosotros' alongside 'ustedes',"Stays coherent: Spain → 'vale', 'coger un vuelo', 'vosotros', 'móvil'; LatAm → 'okay/dale', avoids 'coger' (vulgar in much of LatAm; use 'tomar/abordar'), 'ustedes', 'celular', 'ahorita'",,,3 – breaks the illusion,
a4ec29f1da3dcc151c5e,es,retained_factor_clause,Politeness / face,Service-call politeness routines,Over-thanks in English pattern ('Thank you so much' → 'Muchas gracias por tu tiempo') or uses bare imperatives that sound brusque,"'¿Sería tan amable de…?', 'Cuando pueda', 'Si no es molestia', 'Disculpe que le moleste'; closes with 'Muy amable, gracias' / 'Que tenga buen día'. Requests softened with conditional/imperfect",,,2 – clearly off,
a54eb477615865c1e318,es,retained_factor_clause,Idiom & word-choice,"'Esperar' for hold, not calque of 'hold on'",Calques 'hold on' / 'let me check' as 'sostener' or 'déjame chequear' (chequear is an anglicism flagged in formal register),"'Un momento, por favor', 'Permítame que lo compruebo/lo reviso', 'No cuelgue, por favor'. 'comprobar/revisar/consultar' over 'chequear'",,,2 – clearly off,
b1f4eaac4701cf3c574e,es,retained_factor_clause,Grammatical gender agreement,Ser/estar and por/para distinctions,Confuses ser/estar ('mi cuenta es bloqueada' instead of estar) and por/para ('gracias para tu ayuda'),"'mi cuenta está bloqueada' (state), 'el cargo es de 20 euros'; 'gracias por su ayuda', 'es para el día quince'. These map poorly from English and are high-tell errors",,,3 – breaks the illusion,
d3e957d97cba11495e30,es,retained_factor_clause,Grammatical gender agreement,Gender of nouns and adjective/article agreement,"Mis-genders or mis-agrees, esp. tricky nouns: 'la problema', 'el reserva', 'un orden' (for sequence), wrong adjective ending 'la vuelo cancelada'","el problema, la reserva, el vuelo cancelado, la tarjeta bloqueada; agreement is automatic across article+noun+adjective+participle",,,3 – breaks the illusion,
dbbb6d005670cca141bc,es,retained_factor_clause,Formal vs informal (usted/tú),Clitic/possessive agreement with usted,"Keeps usted in the verb but slips to informal clitics/possessives: 'le confirmo tu correo', 'te mando su factura'","Person is consistent: 'le confirmo su correo', 'le envío su factura'. Mixed te/su in one breath instantly flags a non-native",,,3 – breaks the illusion,
de7815ba688927cb5aeb,es,retained_factor_clause,Symbols & code-switching,Verbalizing the email @ and dot,Says 'at' / 'arroba' inconsistently and reads '.com' as 'dot com' or 'punto com' with English 'com',"'@' = 'arroba', '.' = 'punto', '_' = 'guion bajo', '-' = 'guion' (or 'guion medio'); 'gmail.com' = 'gmail punto com'. e.g. 'juan arroba gmail punto com'",,,3 – breaks the illusion,
e1cc4e3fed7bb7e94e3c,es,retained_factor_clause,Idiom & word-choice,Translationese for 'I'd like / I need',"Calques English politeness: 'Me gustaría a...', 'Necesito que tú...', overuses 'Puedo tener...' ('Can I have...')","Uses native softeners: 'Quería consultar...', 'Quisiera...', 'Le quería preguntar...', 'A ver si me puede ayudar'. 'Quería' (imperfect) is the idiomatic service opener, not 'quiero'",,,2 – clearly off,
ee796d10405d0c865fb4,es,retained_factor_clause,Turn-taking & backchannels,Confirmation backchannels,Translates 'okay/right/got it' as repeated 'bien'/'okay' or silence,"'vale' (Spain) / 'dale', 'ya', 'ajá', 'de acuerdo', 'perfecto', 'correcto'; affirming comprehension with 'sí, sí' doubled is natural, not emphatic",,,2 – clearly off,
5f4855746c32229f3418,es,speaker_observation,Idiom & word-choice,Calque,"The use of ""subir"" (En., ""go up"") sounds like a calque (assuming the origianl was ""upgrade""). Additionally, uses ""para"" instead of ""a."" Another anglicism is ""business,"" but this is used more deliberately, meaning it was probably an attempt to sound more organic by the IA.

The use of ""compensación"" sounds like a calque (assuming the original was ""compensation"").","A native speaker would probably say something like ""pasar"" (En., ""change,"" in this context) instead of the calque-sounding ""subir,"" or say something more descriptive.","""quiero subir a business para todos los pasajeros."" -> ""quiero pasar a business a todos los pasajeros.""

""compensación"" -> something like ""reembolso"" or ""devolución.""

""la trascripción está incompleta"" -> ""no he terminado de deletrear"" or something along those lines.","Task 10_es at 0:5.200.
Task 38_es at 0.30.200.
Task 39_es (all).",1 – subtle,
904f8b7cf976d33d048a,es,speaker_observation,Disfluencies & fillers,Repetitive utterance starter,Repetitive use of the utterance starter.,A human would use a variety of utterance starters.,"""si, dale"" or ""buenos días.""","Task 24_es, Task 29_es, Task 39_es.",2 – clearly off,
a34c84ff0270b6ede25d,es,speaker_observation,Regional variety (LatAm vs Spain),Forced idioms,The caller uses idioms that are too informal.,A human is unlikely to use those idioms given the context of the call.,"""me tiene podrida,"" ""stoy re caliente.""",Task 2_es at 1:19.800.,2 – clearly off,
a82172749e9cde92310c,es,speaker_observation,Turn-taking & backchannels,Too patient,The AI caller is too patient when the agent asks to spell something and then proceeds to give an example.,A human would interrupt and start spelling what's being asked.,,"Task 10_es at 0:19.800.
Task 16_es at 0:28.000.",2 – clearly off,
ceb4fa0db79b51602782,es,speaker_observation,Turn-taking & backchannels,Repetitive interruptions,"Background noise prevents the agent from interacting when the the caller is not speaking, and when the agent can speak, the caller interrupts by saying the same phrase. This is the dynamic of the entire conversation.",A human would say something different each time (specially after noting that the agent is struggling to speak) and/or hang up the phone.,N/A,"Task 29_es, Task 25_es, Task 39_es.",3 – breaks the illusion,"It's unclear to me what the backround noise actually is (sounds somewhat random), but I don't think it's too loud, meaning the agent should be able to discriminate it."
ea2104b94d8a8075a31f,es,speaker_observation,Turn-taking & backchannels,Self-talk,The caller responds to nothing (replies to the agent when the agent hasn't said anything).,"It follows from ""How the IA caller sounds non-native.""",N/A,Task 24_es (all conversation).,3 – breaks the illusion,
f5b1bb18a8c632564b92,es,speaker_observation,Names,Airport abbreviations,"When the user instructions refer to airports/places by their abbreviations, similarly, the AI caller spells abbreviations.",A human would refer to airports by their cities and/or states.,"""de IAH a SEA"" -> ""de Houston a Seattle.""","Task 10_es at 0:5.200.
Task 32_es at 0:5:200.",2 – clearly off,
f68d82d98d9c70daabe7,es,speaker_observation,Idiom & word-choice,Verb misconjugation,"Conjugates verb ""acordar"" incorrectly.","Conjugates verb ""acordar"" correctly.","""no me lo acuerdo bien"" -> ""no me acuerdo bien"" or ""no lo recuerdo bien.""",Task 10_es at 0:56.600.,1 – subtle,People often make this kind of error -- it's just rare.
044495bd6ff651752fcf,hi,retained_factor_clause,Disfluencies & fillers,Missing natural Hindi fillers/hedges,"Uses no fillers or only English 'um/uh'; produces clean, written-style sentences.","Sprinkles 'मतलब', 'वो क्या है ना', 'actually', 'बस', 'थोड़ा', 'ऐसा है कि', 'यानी'. Hedged openings like 'वो क्या है ना, मेरी flight...' are very common.",,,2 – clearly off,
28ca2f5f8a76267ee3ad,hi,retained_factor_clause,"Numbers (word-forms, gender, dates)",Dates and money in native form,Says dates in English order/month names with ordinals ('April fifteenth') or full Hindi cardinals for rupees with paise.,"Day before month, cardinal day: 'पंद्रह अप्रैल' / '15 तारीख़'; money in rupees with लाख/हज़ार: 'साढ़े तीन हज़ार', 'पाँच हज़ार रुपये'. Uses तारीख़ for 'date' and the lakh system.",,,2 – clearly off,
3a539c6b04461b98facf,hi,retained_factor_clause,"Numbers (word-forms, gender, dates)",Phone/PNR digit grouping and 'double',Reads long numbers as one big Hindi cardinal ('छियानवे करोड़...') or strictly digit-by-digit in Hindi without natural pairing and English 'double'.,"Reads phone numbers in 2–3 digit chunks, often code-switching to English digits, and uses 'double' for repeats: 'double nine', 'नौ-आठ-सात... double-two'.",,,2 – clearly off,
3ee7c425c46dcddb32fe,hi,retained_factor_clause,Idiom & word-choice,Translationese for 'I want to / I would like to',"Calques English politeness: 'मैं चाहूँगा कि...', or stiff 'मुझे ... करने की इच्छा है'.","Uses 'मुझे ... करना है' / '... करवाना है': 'मुझे flight cancel करवानी है'. The causative करवाना (get it done by someone) is the natural service-call verb, not plain करना.",,,2 – clearly off,
446afbb968afd43454b4,hi,retained_factor_clause,Domain terminology,Account/telecom/retail terms kept in English,"Translates account→खाता, password→कूटशब्द, recharge→पुनःभरण, order→आदेश, network→संजाल.","Says account, password/OTP, recharge, plan, order, delivery, network, balance, data in English: 'मेरा OTP नहीं आया', 'recharge fail हो गया', 'order deliver नहीं हुआ'.",,,3 – breaks the illusion,
4ba9071781459377f9f2,hi,retained_factor_clause,Turn-taking & backchannels,Backchannels जी / हाँ जी / अच्छा,"Acknowledges with bare 'हाँ' or English 'okay/yes', missing the ubiquitous जी-based backchannels.","Uses 'जी', 'जी हाँ', 'हाँ जी', 'अच्छा अच्छा', 'ठीक है जी', 'जी बिल्कुल' as continuers. 'जी?' alone signals 'sorry, come again?'.",,,2 – clearly off,
6407ce3b9e3fd55d1933,hi,retained_factor_clause,Politeness / face,Request framing — ज़रा/please and indirect requests,"Issues direct imperatives translated from English ('मेरी booking cancel करो') without softeners, or overuses a literal 'कृपया'.","Softens with 'ज़रा', 'please' (English), and modal 'क्या आप ... सकते हैं?': 'ज़रा check कर दीजिए ना'. कृपया is written-register; spoken callers prefer ज़रा + please.",,,2 – clearly off,
75fb40cf4b2c1fc94b4e,hi,retained_factor_clause,Idiom & word-choice,'Problem/issue' and complaint vocabulary,Uses समस्या/कठिनाई for every problem and शिकायत-दर्ज stiffly.,"Says 'problem'/'issue'/'दिक्कत'/'परेशानी': 'मुझे एक दिक्कत आ रही है', 'issue ये है कि...', 'complaint करनी है'. समस्या is fine but दिक्कत/issue dominate calls.",,,1 – subtle,
a8bc4fc5780789f5b029,hi,retained_factor_clause,"Numbers (word-forms, gender, dates)",Time of day and relative time,Uses 24-hour or stiff 'पूर्वाह्न/अपराह्न'; literal 'morning ten o'clock'.,"12-hour with सुबह/शाम/रात/दोपहर and बजे: 'सुबह दस बजे', 'शाम साढ़े छह बजे'; relative time 'परसों', 'अगले हफ़्ते', 'कल'.",,,1 – subtle,
ab596c82876b4c9f80fd,hi,retained_factor_clause,Code-switching (Hinglish),Over-translating domain nouns into shuddh Hindi,"Renders core service terms in pure/Sanskritized Hindi — उड़ान (flight), आरक्षण (booking), निरस्तीकरण (cancellation), धनवापसी (refund) — sounding like a news broadcast, not a phone customer.","Keeps these in English inside a Hindi matrix: 'मेरी flight cancel हो गई', 'booking change करनी है', 'refund कब आएगा'. Real callers say flight/booking/cancel/refund/seat/PNR in English and inflect Hindi around them.",,,3 – breaks the illusion,
b4577798692f11040a14,hi,retained_factor_clause,Symbols & code-switching,Verbalizing email symbols @ . _ -,"Speaks symbols in literal Hindi calques (डॉट as बिंदु, underscore as अधोरेखा, hyphen as योजक) or omits them.","Uses the conventional spoken-English tokens embedded in Hindi: 'एट द रेट' (or 'एट') for @, 'डॉट' for ., 'अंडरस्कोर' for _, 'डैश/हाइफ़न' for -, and 'gmail डॉट com'. Local-part letters spelled in English alphabet names.",,,3 – breaks the illusion,
bc1861e0965c78be87f9,hi,retained_factor_clause,Honorific/formality (aap/tum/tu),Honorific-plural verb agreement with आप,"Pairs आप with singular verb endings ('आप बता', 'आप कर सकता है') or mixes आप and तुम; uses तुम/तू toward an agent.","आप always takes plural agreement and -इए imperative: 'आप बता सकते हैं', 'ज़रा देख लीजिए', 'आप बताइए'. Customer↔agent stays mutually आप; तुम/तू would be rude.",,,3 – breaks the illusion,
d3968f88279cedd8edca,hi,retained_factor_clause,Idiom & word-choice,'Has happened / got done' aspect with हो गया,"Uses plain present/past calqued from English ('मेरा payment fail है', 'booking cancel है') instead of the resultative.","Marks completed events with हो गया/गई: 'payment fail हो गया', 'booking cancel हो गई', 'पैसे कट गए'. 'कट गए' (money got deducted) is the idiomatic complaint phrasing.",,,2 – clearly off,
dcd65df07e1a047e51f7,hi,retained_factor_clause,Register & formality,Over-formal Sanskritized connectives,"Uses written-register connectives: 'इसलिए', 'परंतु', 'तथा', 'अतः', 'धन्यवाद' stiffly throughout.","Spoken register uses 'तो', 'लेकिन/पर', 'क्योंकि', 'और', and ends with 'thank you'/'शुक्रिया' rather than formal धन्यवाद; परंतु/तथा/अतः sound like a textbook.",,,2 – clearly off,
e25768937c98a79ae073,hi,retained_factor_clause,Turn-taking & backchannels,Opening and closing routines,"Opens with a literal 'नमस्ते, मैं आपकी कैसे मदद कर सकता हूँ' from the customer side, or closes with bare English 'bye'.","Caller opens 'हाँ जी, हेलो' / 'जी, बात हो रही है ...?' and states the issue; closes 'ठीक है जी, थैंक्यू'. 'हेलो' (not नमस्ते) is the default phone opener.",,,1 – subtle,
fc5d0a49d8b70bb6bf96,hi,retained_factor_clause,"Entities (booking refs, codes)",Spelling alphanumeric codes (PNR) letter by letter,"Pronounces a PNR/booking code as a word or uses Hindi letter names (क ख ग), with no spelling-alphabet anchoring.","Spells codes using English letter names with Hindi connectors: 'capital A, फिर 7, Z, K'; agents confirm 'Z for zebra?'-style anchors in English. Codes use the Roman alphabet, not Devanagari.",,,2 – clearly off,
25b2d0f4b319fd59601b,hi,speaker_observation,"Numbers (word-forms, gender, dates)","agent refers itself as 3rd person like ""ढूंढता/ढूंढती हूँ""","""इस user id से आपका प्रोफ़ाइल ढूंढता/ढूंढती हूँ।"", ""माफ़ कमैं समझ सकता/सकती हूँ """,A  speaker should use one form of addressing itself,,,2 – clearly off,
25f98e5761b5b7636e53,hi,speaker_observation,Turn-taking & backchannels,Delayed response,agent sometimes have delayed response which can be frustrating for caller and one of the reason for call drop as well,,,,2 – clearly off,
5fe14a92c466232eca14,hi,speaker_observation,Names,Literal reading the script,"Agent use airport abbrevations as is like LAX, DEN, EWR,","Normally when talking about air tickets we use full cities name like ""आपकी फ्लाइट लॉस एंजिल्स से लास वेगास की है""",,,2 – clearly off,
85ab35f3cafbc1c5e5ee,hi,speaker_observation,Idiom & word-choice,too happy/ uncommon phrase/extra pharsing,बहुत ख़ुशी हुई मदद करके। आप आराम से email का इंतज़ार करें।,"Locals would say "" मुझे ख़ुशी हुई मदद आपकी करके, धन्यवाद""",,,2 – clearly off,
a36d869125e37c3a3a73,hi,speaker_observation,Tones (meaning/word choice),Robotic,"Male User tone is very robotic with no emotions, like reading a script without pauses and expressions are too loud and same montonous tone",,,,2 – clearly off,
aa20abb229ae1ebc6d72,hi,speaker_observation,Idiom & word-choice,Very Formal Word choices compare and adds polite Ji after greetings,"words ""Aadabji"" ""एक क्षण""","common hinid phrase will be ""जरा रुकिए"" or ""एक मिनट"" also greeting wont have ji as suffix",,,2 – clearly off,
bb2a80396374d54c94a7,hi,speaker_observation,Turn-taking & backchannels,dialogue becomes fast and overlaps,"ji, theek hai, acha these shows active listening but often cuts off the main sapeaker and agent misses on completing the important information and continues in assumption",,,,2 – clearly off,
ead7081623167d192f7f,hi,speaker_observation,Turn-taking & backchannels,too patient,"Agent  and user are too patient and keep repeating the requests , like to spell out its user id.",A normal human would interrupt to correct if wrong,,,2 – clearly off,
fbb8547d81548ffbb7cf,hi,speaker_observation,Idiom & word-choice,words that are not native to the locale,"In between conversation it uses words like ""Mane""","local would use ""मुझे""",,,2 – clearly off,
1050410efaa868ac2193,ko,retained_factor_clause,Politeness / face,Indirectness and -는데요 trailing,States needs as complete blunt sentences ('환불해 주세요. 이유는…') in English problem-then-request order,Trails off with -는데요 / -아서요 leaving the request implied (어제 결제가 두 번 됐는데요…). This collaborative incompleteness is core to Korean service talk.,,,2 – clearly off,
28cadedaaf67c11c4ece,ko,retained_factor_clause,Idiom & word-choice,Request softeners and grammar of asking,Direct calques: '도와줄 수 있어요?' / uses 원하다 for 'I want' (저는 환불을 원해요),Native: 환불 받고 싶은데요 / 환불 좀 해 주세요 / 확인 좀 부탁드려요. The trailing -는데요 to soften and 좀 as a softener are essential; 원하다 sounds like a translated demand.,,,2 – clearly off,
29ae28a4a25d84b54baf,ko,retained_factor_clause,Honorifics / speech levels (존댓말),Over- or mis-applied subject honorific -시-,Sprinkles -시- everywhere or applies it to the customer's own actions (제가 예약하셨어요),Customer never honorifics their own verbs (제가 예약했어요); applies -시- only to the agent/third party. Agent uses -시- on the customer's actions (고객님 예약하셨어요?).,,,2 – clearly off,
4089d39efb882e765c1d,ko,retained_factor_clause,Disfluencies & fillers,Native hesitation fillers,Inserts English-shaped fillers or none; over-clean speech,"Uses 그…, 저기요, 음…, 아 그, 뭐랄까, 잠시만요. 저기 / 저기요 as a softening opener to get attention is distinctly native.",,,1 – subtle,
482d74814d1894eddb28,ko,retained_factor_clause,"Numbers (word-forms, gender, dates)",Phone number readout conventions,"Reads 0 as '제로'/'영' inconsistently, says 공일공 vs reading clusters as large numbers","Reads digit-by-digit in Sino with 공 for 0 (공일공 = 010); 1588 read 일오팔팔. Korean uses 공, not 영 or 제로, on the phone.",,,3 – breaks the illusion,"영(Yeong) is used in math, temperature, scores  while 공(Gong) is mainly used when reading phone numbers, bank account numbers, vehicle plate numbers, and so on
 Example: 010 is read as “gong-il-gong” (공일공)."
5113f075e60055bd4392,ko,retained_factor_clause,Counters / number systems,Sino- vs native number system confusion,"Picks one system; says 세 시간 as 삼 시간, or counts items with Sino (일, 이, 삼 개)","Hours use native (세 시간, 한 시), minutes use Sino (삼십 분); 두 명, 세 개 (native + counter) vs 삼 번, 오 층 (Sino). Mixing within one phrase (세 시 삼십 분) is the native default.",,,2 – clearly off,This is an important and tricky part of Korean involving the native vs. Sino-Korean numeral distinction.
57db0acfc53e2acb8253,ko,retained_factor_clause,"Numbers (word-forms, gender, dates)",Currency amounts in 만/억 grouping,"Reads large won by Western thousands grouping (오십 천 원 for 50,000)","Groups by 만: 50,000 = 오만 원, 150,000 = 십오만 원, 1,200,000 = 백이십만 원. 오십 천 원 is impossible for a native. 원 always Sino.",,,3 – breaks the illusion,
868156ec8dbd40a1122f,ko,retained_factor_clause,Tones (meaning/word choice),Rising 네? vs flat 네,"Produces flat intonation on 네 regardless, losing the question/agreement distinction","네 (flat) = yes/agreement; 네? (sharp rise) = 'sorry, what?'; 네~ (long fall) = soft acknowledgment. A flat 네 where 네? is needed misfires the turn.",,,2 – clearly off,
893333e4f9b73907314c,ko,retained_factor_clause,Counters / number systems,Wrong or omitted counters (분류사),"Drops counters or uses 개 for everything (사람 두 개, 표 한 개)","Selects the right counter: 두 분/두 명 (people, 분 honorific), 한 장 (tickets/cards), 한 건 (cases/bookings), 한 통 (calls). 예약 한 건, 항공권 두 장.",,,2 – clearly off,
bff9aaa448fcc8f202e9,ko,retained_factor_clause,Domain terminology,Translationese for core service nouns,"Calques English: '비행' for flight, '북킹' or '리저베이션', '리펀드', '캔슬'","Uses established terms: 항공편 (flight), 예약 (booking), 환불 (refund), 취소 (cancellation), 변경 (change), 수수료 (fee). A calque instantly marks non-native.",,,1 – subtle,캔슬(Cancel) is commonly used by Koreans in everyday conversation.
d9e0a0caf13c2567948d,ko,retained_factor_clause,"Names (order, titles)",Name order and title attachment,"Western first-last order; attaches 씨 to family name only (김씨), or uses 씨 where service requires 고객님/님","Family name first (김길동); agent addresses customer as 고객님 or 길동 님, never 김 씨 alone (rude). Service register strongly prefers 고객님.",,,2 – clearly off,
e5ba61db0dac89719a75,ko,retained_factor_clause,Tones (meaning/word choice),Sentence-final -요 rise vs fall (statement vs question),Uses uniform intonation so 환불 됐어요 (statement) and 환불 됐어요? (question) sound identical,Korean often marks yes/no questions by rising intonation alone with identical -요 wording; the fall/rise on the final -요 distinguishes confirming vs asking (가능해요↘ vs 가능해요↗).,,,2 – clearly off,
e6f164be5c4326b1063d,ko,retained_factor_clause,Domain terminology,Konglish loanwords that ARE native vs over-correction,Either avoids all loanwords (says 표 awkwardly) or invents wrong ones,"Uses naturalized loanwords where they're the norm: 마일리지, 체크인, 게이트, 포인트, 클레임 — but native words for 예약/환불/취소/좌석/창가. Knowing which slot takes the loanword is the skill.",,,2 – clearly off,"The key skill is knowing which slot the loanword fits into. In Korean, both “표” and “ticket” are commonly used."
e72151ab55d6d829c7d8,ko,retained_factor_clause,"Numbers (word-forms, gender, dates)",Date format and reading (유월/시월),Says dates in English order or uses native numbers for the day; reads month names wrong,"Year-month-day, all Sino: 이천이십육년 유월 이십삼일. June=유월, October=시월 (irregular, not 육월/십월). Getting 유월/시월 right is a strong native marker.",,,3 – breaks the illusion,The pronunciations of “유월” (June) and “시월” (October) are irregular and serve as an important indicator of native vs. non-native distinction.
1057c3eb2fa4ce3c209e,ko,speaker_observation,Tones (meaning/word choice),Repeated use of overly formal greetings,"The caller unnaturally repeated overly polite expressions, such as ""안녕하십니까"" mid-conversation","""안녕하십니까"" was used only once, at the start of the conversation.","""안녕하십니까"" was used only once, at the start of the conversation.","37_ko [2:21, 3:45, 6:17]",3 – breaks the illusion,"""안녕하십니까""(greeting phrase) was used 4 times in the conversation."
3fdbc6e6233e1bc5d29f,ko,speaker_observation,"Numbers (word-forms, gender, dates)",Mixed English-Korean date format usage,"It did not use the expected Korean format (“5월 17일”), instead mixing English and Korean (“May 십칠”).",5월 17일,May 십칠 → 5월 17일,"43_ko 9 [0:13.800, 1:08.400, 1:25.200, 1:40.200, 2:45.400, 2:52.800, 3:16.000, 3:44, 3:55 5:03, 5:14, 7:15]",1 – subtle,
4781f4c5319624295b0b,ko,speaker_observation,Counters / number systems,Unnatural numeral-counter usage,"The caller used an unnatural numeral-counter combination, saying ""일개"" instead of the natural expression ""한 개.",수하물 한개,수하물 일개→ 수하물 한개,"29_ko [0:15.6 2:31, 3:13.4]",1 – subtle,
5385e1c50741a7e8c221,ko,speaker_observation,Tones (meaning/word choice),Failed to translate into Korean,Boston departure,보스톤 출발,Boston departure → 보스톤 출발,42_ko [1:13.600],2 – clearly off,
6e6aac987ea3efe1a162,ko,speaker_observation,"Names (order, titles)",Wrong pronunciation,The name“mohamed_hernandez_5188” was pronounced incorrectly.,mohamed_hernandez_5188 (엠오에이치에이엠이디 언더스코어 에이치이알엔디이제트 언더스코어 오일팔팔),mo((not clearly pronounced) → 엠오에이치에이엠이디 언더스코어 에이치이알엔디이제트 언더스코어 오일팔팔,"43_ko 9 [0:29, 3:16]",2 – clearly off,
87289d790911fcb6e1b4,ko,speaker_observation,Counters / number systems,Mispronounced numeric ID (English + unclear digits),The number “22” was also pronounced incorrectly (“이십two”) instead of the Korean form “이십이”.,이십이,이십two → 이십이,42_ko [1:13.600],2 – clearly off,
a0a52d8ec870c3b3da2a,ko,speaker_observation,Tones (meaning/word choice),Awkawd phrasing,There is a awkward phrases “승객은 한 명만입니다”,승객은 한 명입니다,승객은 한 명만입니다 → 승객은 한 명입니다,25_ko [1:55],1 – subtle,
cbcc445fac979d050c0a,ko,speaker_observation,Tones (meaning/word choice),Awkawd phrasing,The expression “여보세요. 들리고 있습니다” is awkward. The natural phrasing should be “들립니다”,“들립니다”,들리고 있습니다→  들립니다,21_ko [ 04:34 ],1 – subtle,
d458da78f891940579b3,ko,speaker_observation,"Numbers (word-forms, gender, dates)",Mispronounced numeric ID (English + unclear digits),"It recited the numeric portion of the user ID(1297) in English (“one, two” instead of the expected Korean numerals”), and the remaining digits were not clearly pronounced.",일이구칠,onetwo(unclear)→ 일이구칠,28_ko [0:21],2 – clearly off,
d9be17368cf91fbbdd9c,ko,speaker_observation,"Numbers (word-forms, gender, dates)",Mispronounced numeric ID,"It ncorrectly recited the ""9265"" portion of the user ID as ""9214""",9265,9214→ 9265,"4_ko [0:31, 2:09, 2:49]",2 – clearly off,"The caller incorrectly recited the ""9265"" portion of the user ID in three of the five attempts—once as ""9214""(0:31) and twice with unintelligible speech."
ea8d522b9dacf9ee24c2,ko,speaker_observation,"Numbers (word-forms, gender, dates)",Mixed English-Korean date format usage,"The caller did not use the expected Korean format (“5월 17일”), instead mixing English and Korean (“May 십칠”).",5월 17일,May 십칠 → 5월 17일,"42_ko [0:15.6 2:31, 3:13.4]",1 – subtle,
fbc590dc080942330448,ko,speaker_observation,"Numbers (word-forms, gender, dates)",Mixed English-Korean date format usage,"It did not say “May 27th” in Korean format (“5월 27일”), but instead said “May” 27",5월 27일,May 27일→ 5월 27일,"21_ko [ 0:21, 1:20, 3:47, 4:34]",1 – subtle,
09025bcc21dcea825a51,pt,retained_factor_clause,Formal vs informal (você/o senhor),"Address pronoun: 'você' default, never EP 'tu' conjugation","Mixes in 'tu' with European 2nd-person verb forms ('tu podes', 'tens') or over-formal 'vós'.","'você' as default ('você pode', 'você tem') and 'o senhor/a senhora' for deference with 3rd-person verb; if 'tu' appears (regional), still 3rd-person verb 'tu pode'.",,,2 – clearly off,"Correct. The use of ""tu"" is very colloquial and informal. For a customer support scenario is not appropriate."
0a96600ab5dc9b78ec1e,pt,retained_factor_clause,Idiom & word-choice,'celular' / 'ônibus' / 'trem' not EP lexicon,"Uses European lexicon: 'telemóvel', 'autocarro', 'comboio', 'apelido' (for surname), 'casa de banho'.","'celular' (cell), 'ônibus' (bus), 'trem' (train), 'sobrenome' (surname), 'banheiro' (restroom).",,,3 – breaks the illusion,"Very pertinent as the vocabulary is very diferent in both locales. Several words in pt-BR words mean the exact opposite in pt-PT, and vice-versa."
13b26b4303f7d634e32e,pt,retained_factor_clause,"Numbers (word-forms, gender, dates)",Number gender agreement (dois/duas),"Invariant 'dois' regardless of noun gender: 'dois passagens', 'duzentos malas'.","Agrees: 'duas passagens', 'duzentas malas', 'duas horas'; also 'um'/'uma'.",,,2 – clearly off,
402a57384ec1dd7c3651,pt,retained_factor_clause,Tones (meaning/word choice),'Tudo bem?' opener and confirm-by-question intonation,Skips greeting smalltalk; flat statements where a rising 'né?' is expected.,"Opens 'Oi, tudo bem?'; tag 'né?' (rising) seeks agreement; rising 'tá?' = checking question vs falling 'tá' = agreement — intonation flips meaning.",,,2 – clearly off,
4c9b68aaaae0ba4e5342,pt,retained_factor_clause,Turn-taking & backchannels,Asking for repetition / clarification,"Literal 'Pode repetir, por favor?' only.","'Como?', 'Oi?', 'Não entendi', 'Pode falar de novo?', 'Como assim?', 'Repete pra mim?'.",,,1 – subtle,
4cbe1c744c03769b05ee,pt,retained_factor_clause,"Entities (booking refs, codes)",Alphanumeric codes: letter naming and grouping,"Spells letters with English names (J='jay', H='aitch', W='double-u').","Portuguese letter names: J='jota', H='agá', W='dáblio', Y='ípsilon', K='cá', Z='zê'; phonetic clarifiers 'A de amor'.",,,3 – breaks the illusion,
4d5ae22ceec7351a5fe4,pt,retained_factor_clause,Grammatical gender agreement,Adjective/article agreement with nouns,"Mismatches gender, esp. with 'a gente': 'o reserva', 'meu passagem', 'a problema', 'a gente vamos'.","'a reserva', 'minha passagem', 'o problema', 'a gente vai' (3rd-sg); 'a tarifa', 'o voo', 'a fatura'.",,,3 – breaks the illusion,"Valid. However, the first example is incorrect, as the gender in ""a gente"" was flexed properly."
7464873f2f67ac390f4e,pt,retained_factor_clause,"Numbers (word-forms, gender, dates)","Dates as 'dia X de mês', primeiro for 1st",Says 'mês/dia' in English order or 'X de mês de ano' stiffly; uses 'um de janeiro'.,"'dia quinze de março', 'no dia 3', first of month = 'primeiro de janeiro' (not 'um'); year 'dois mil e vinte e seis'.",,,2 – clearly off,"However, stating the full date is not a problem."
7bea8dcfe0e0e6d950c6,pt,retained_factor_clause,Turn-taking & backchannels,Phone backchannels and 'oi?/alô',"Answers/opens with 'olá' formally, uses 'sim sim' robotically, English 'hello'.","Phone greeting 'Alô?'; attention 'Oi?'; backchannels 'uhum', 'sei', 'aham', 'certo', 'tá', 'entendi' while listening.",,,1 – subtle,"Not necessarily true for 'olá' as it can be used in a natrual way, but robotically repeating 'sim' and addressing in 'English' in this context is completely off"
845481b398d851c4224e,pt,retained_factor_clause,Symbols & code-switching,"Email/URL verbalization: arroba, ponto","Says 'at' / 'dot', or literal 'a comercial', spells host letter-by-letter awkwardly.","'@' = 'arroba', '.' = 'ponto', '_' = 'underline'/'sublinhado', '-' = 'traço' or 'hífen'; e.g. 'joao ponto silva arroba gmail ponto com'.",,,3 – breaks the illusion,"If that's the case for pt-PT, it definitely does not work for pt-BR.
Note: '_' is almost always referred to as ""underline"". I can't recall many real-world cases where I saw 'sublinhado'."
958ba13d5bf4a1237665,pt,retained_factor_clause,Register & formality,Contractions and reductions in speech,"Full forms only: 'está', 'para', 'você', 'estou'.","Spoken reductions: 'tá', 'pra', 'cê', 'tô', 'pro/pra'; 'tá bom', 'pra mim', 'cê pode'.",,,1 – subtle,"However, it depends on the customer background. Usually, people employ a mix and match of contractions and full forms in their speech."
a625bb8f4284d1fdc40a,pt,retained_factor_clause,Brazilian vs European (pt-br),Continuous aspect: gerund vs 'estar a + infinitive',"Produces European 'estou a tentar', 'estou a verificar', 'estás a falar'.","Uses gerund: 'tô tentando', 'tô verificando', 'tá falando' (I'm trying / checking / you're speaking).",,,2 – clearly off,"It's not incorrect grammatically, but from a localization pov is definitely off."
b01a7e27d627bb382a6d,pt,retained_factor_clause,Brazilian vs European (pt-br),Clitic placement: proclisis not enclisis,"Defaults to enclisis/textbook 'ajude-me', 'pode dizer-me', 'chamo-me João'.","Proclisis in speech: 'me ajuda', 'pode me dizer', 'meu nome é João' / 'me chamo João'.",,,2 – clearly off,"Not incorrect grammatically, but from a localization pov is definitely off."
d0ade861675e12221471,pt,retained_factor_clause,"Numbers (word-forms, gender, dates)",Phone number grouping and 'meia' for six,"Reads digits one-by-one in English-style triples, says 'seis' always.","Groups as DDD + pairs, uses 'meia' (=meia dúzia) for 6 in strings: 'onze, nove-nove-um-dois, três-meia-quatro-cinco'.",,,1 – subtle,"True, but it does not compromise as much as the other way around. Note: most Brazilian mobile number nowadays are DDD + 9 digits."
f29e32e43c11b0102a65,pt,retained_factor_clause,"Numbers (word-forms, gender, dates)",Money: reais e centavos,"Says 'R$ 50.00' as 'cinquenta pontos zero zero' or 'cinquenta dólares', uses comma/dot wrong.","'cinquenta reais', 'cinquenta reais e noventa centavos', 'mil e duzentos reais'; decimal is comma.",,,2 – clearly off,
0285c2e6b60e9913a13e,pt,speaker_observation,Incorrect pronunciation,"The User mispronounced the letter ""S""","The User mispronounced the letter ""S"" (éssi) as the letter F (éfi)","Pronounce correctly the letter ""S"" (éssi)","Actual result: F (éfi)
Expected result: S (éssi)","Task 1_pt [1:09.600]
Airline: Task 23_pt [0:48.600]",3 – breaks the illusion,
0f50d0d4a415f7158074,pt,speaker_observation,"Numbers (word-forms, gender, dates)",Incorrect number pronunciation,"Incorrect pronunciation for number 2 as ""dos"" (pontentially Spanish)","Pronounce correctly as ""dois""","Actual result: dos
Expetced result: dois",Task 23_pt [0:05.200],3 – breaks the illusion,
252e2ca6faaba769738e,pt,speaker_observation,Tones (meaning/word choice),The User ended the sentece as a affirmation whe it should be question.,"The User ended affirming ""beleza"" what it usually should be a question.","The User approprietly inquiring ""ok?"" at the end of the sentence.","Actual result: beleza.
Expetced result: beleza?",Task 35_pt [0:05.200],1 – subtle,
39b59400e128cc6f1a47,pt,speaker_observation,"Numbers (word-forms, gender, dates)",Incorrect number pronunciation,"Incorrect pronunciation for number 2 as ""dô""","Pronounce correctly as ""dois""","Actual result: dô
Expetced result: dois",Airline: Task 23_pt. [1:58.200],3 – breaks the illusion,
414234028d46c8082f79,pt,speaker_observation,Tones (meaning/word choice),Incorrect way of spelling reservation code,The User combined two letter of a six digit reservation code into a syllable.,Spell each character of the code individually.,"Actual result: H X DU B J
Expetced result: H X D U B J",Airline: Task 33_pt [0.05.200],2 – clearly off,
46625b25541440a1e30b,pt,speaker_observation,Other,The User incorrectly flexed the adverb,"The user stated ""soletra?"" instead of the approriate ""soletre?""","Flex correctly ""soletre?""","Actual result: quer que eu soletra?
Expetced result: quer que eu soletre?",Task 35_pt [0:57.400],3 – breaks the illusion,
600e498824294b59d333,pt,speaker_observation,Incorrect pronunciation,Incorrect pronunciation of ID,"The User referred to ID with the incorrect pronunciation ""I DJE""","The User should have pronounced ""I D"" correctly","Actual result: I DJE
Expetced result: I D",Airline: Task 33_pt [2.57.000],3 – breaks the illusion,
60277258b1e6d9ef7887,pt,speaker_observation,Other,Incorrect verb flex; wrong person,"The verb ""sacar"" is flexed incorrectly to the wrong person, as ""saquei?"" whixh would be referring to itself.  The tone is also too informal, ""entendeu?"" would have been more suited.","Correctly flex as ""sacou?"", directed at the Agent.","Actual result: saquei?
Expected result: sacou?",Airline: Task 23_pt [3:45.600],3 – breaks the illusion,
6d78bcefcb61b6309292,pt,speaker_observation,Other,User tried to clarify name capture with different character by repeating the same name with same sound,"The User tried to clarify ID capture by repeating ""Iara ou Yara"", but they sound the same and just by the sound of them it would not be possible to check accuracy.","The User should have stated the name only once, asking with letter is spelled with.","Actual result: Iara ou Yara?
Expetced result: É Yara com I ou Y?",Airline: Task 33_pt [1.55.000],3 – breaks the illusion,
7714aea05d190afd90fd,pt,speaker_observation,"Numbers (word-forms, gender, dates)",Incorrect number pronunciation,"Incorrect pronunciation for number 5 as ""senco""","Pronounce correctly as ""cinco""","Actual result: senco
Expected result: cinco",Task 23_pt [0:05.200],3 – breaks the illusion,
7a7fa04f19bc2d2442bd,pt,speaker_observation,Tones (meaning/word choice),Unnatural way of conveying information.,"The sentence ""mas antes eu queria entender quanto vai sobrar no meu MasterCard"" is a slightly unnatural way of asking how much remains to be paid by credit card.","Saying ""mas antes eu queria entender quanto que vai faltar para pagar com o meu MasterCard"" is more natural","Actual result: """"mas antes eu queria entender quanto vai sobrar no meu MasterCard""
Expected result: ""mas antes eu queria entender quanto que vai faltar para pagar com o meu MasterCard""",Task 23_pt [1:24.400],2 – clearly off,
8200f3acc26e8efb2bc1,pt,speaker_observation,Formal vs informal (você/o senhor),Tone too informal considering the context,"Despite incorrectly flexed, the tone would also be too informal as ""saquei?/sacou?"".","More appropriate tone, the question ""entendeu?"" would be better","Actual result: saquei? (which should have been ""sacou?"")
Expected result: entendeu?",Airline: Task 23_pt [3:45.600],2 – clearly off,
940290403f10b0cc204a,pt,speaker_observation,Incorrect pronunciation,"The User mispronounced the letter ""N""","The User mispronounced the letter ""N"" (êni) as ""Uni"", gibberish.","Pronounce the letter ""N"" (êni)","Actual result: uni (gibberish)
Expected result: N (êni)",Task 1_pt [1:09.600],3 – breaks the illusion,
b5022e22a8229ac396de,pt,speaker_observation,Incorrect pronunciation,"The User pronounced incorrectly the word ""soletro""; the script was also incorrect","The User pronounced the word ""soletro"" (to spell) incorrectly as ""soleto"". However, it matched the incorrect spelling in the script.","Properly pronounced the word ""soletro"".","Actual result: soleto
Expected result: soletro",Airline: Task 23_pt [0:48.600],3 – breaks the illusion,
c2c3c7bab6557596a58b,pt,speaker_observation,Turn-taking & backchannels,The user gave no space between backchannel and their next speech,"The User added a backchannel asking someone in the background to wait as they were speaking on the telephone but before finishing their sentence properly, they moved to addressing the Agent.","Add a brief space between speaking in the background and addressing the agent, or at least speaking entirely their backchannel.","Actual result: ""Pera aí, que eu to no telefonetudo bem? eu queria...""
Expected result: ""Pera aí, que eu to no telefone. (short pause) ""Tudo bem? eu queria...""",Airline Task 37_pt [0.04.000],3 – breaks the illusion,
c7e67efc4659c0d3ebd1,pt,speaker_observation,Idiom & word-choice,Referencing airports initially by codes instead of the actual cities.,"The User initially airports codes (IAH. SEA and SFO) instead of the destination cities, the codes probably would only be mentioned for confirmation afterwards.","A human User would have said the cities (Houston, Seattle and São Francsico) and not the airports codes (IAH, SEA and SFO) initially. The codes would be used for confirmation.","Actual result: IAH / SEA / SFO
Expected result: Houston / Seattle / São Francisco","Airline: Task 10_pt [0:05.000]
Airline: Task 33_pt [0.05.200]
Airline: Task 34_pt [0.05.200]",2 – clearly off,
cd0a07b5e0fdcb7cdddc,pt,speaker_observation,Tones (meaning/word choice),Informal tone contrasted with the general tone of the call.,"The expression ""tá, ligado"" is very informal and contrasted with the general tone of the call.","Used expression such as ""entende?"" or ""compreende?"" instead to match the general tone of the call.","Actual result: tá ligado?
Expected result: entende? / compreende?","Task 1_pt [1:50.400]
Airline: Task 23_pt [3:03.400]
Task 23_pt [5:37.600]
Airline: Task 33_pt [2.57.000]",2 – clearly off,
07c7e0c2b97ee0c5ca2f,zh,retained_factor_clause,Turn-taking & backchannels,Backchannels: 嗯/对/好的 while listening,"Stays silent until its full turn, then replies, or backchannels with translated 'okay'/'I see'.","Drops short backchannels: 嗯, 对对对, 好的, 行, 明白了. Confirming agreement uses 对 not 是 for 'that's right'.",,,1 – subtle,
1381a6f47563080336eb,zh,retained_factor_clause,Domain terminology,措辞 for cancel: 取消 vs 退订 vs 改签,"Uses one blanket word (取消) for refunding, changing, and cancelling, calquing English 'cancel'.","Distinguishes: 取消 (void an order), 退订/退票 (cancel-and-refund), 改签 (change flight), 退款 (get money back). 取消航班 implies the airline cancelled the flight, not the customer.",,,2 – clearly off,
1bd542e27337c38a64d8,zh,retained_factor_clause,"Numbers (word-forms, gender, dates)",Dates with 号 and year read digit-by-digit,"Reads 2025 as 两千零二十五, or uses 日 in speech.",Years read digit-by-digit: 2025年 → 二〇二五年. Spoken dates use 号 not 日: 6月23号. 日 (rì) is written/formal.,,,2 – clearly off,
26327afbebc9f418ea20,zh,retained_factor_clause,Politeness / face,Request softeners 麻烦/帮我/可以…吗,"Issues bare imperatives modeled on English ('Cancel my booking') → 取消我的订单, sounding demanding.","Frames requests with softeners: 麻烦您帮我…, 我想…不知道可以吗, 能不能…. Thanks with 谢谢/辛苦了.",,,2 – clearly off,
292636941768408253e7,zh,retained_factor_clause,Idiom & word-choice,Translationese connectors and pronoun overuse,"Over-translates English structure: explicit subject pronouns every clause (我想要…我需要…我有…), 'because…so' as 因为…所以… in full each time.","Drops redundant pronouns (topic-prominent: 票订好了，想改一下), uses 请问/麻烦您 to open requests, and uses only 因为 OR 所以. Prefers 想 over 我想要 stacks.",,,2 – clearly off,
38e8cb545b6589683429,zh,retained_factor_clause,Turn-taking & backchannels,Sentence-final particles 吧/呢/啊/嘛,"Either omits all sentence-final particles (clipped, textbook) or sprinkles 吗 on sentences that already have a question word.","Uses 吧 for softened suggestions (那就改到周五吧), 呢 for follow-up questions (那退款呢？), 啊 to soften (好啊). Never 吗 with an existing interrogative; 嘛 marks 'obviously'.",,,2 – clearly off,
4b7b9ac54cd884f3e056,zh,retained_factor_clause,Names,Spelling/confirming Chinese names by character decomposition,"Reads names letter-by-letter in pinyin or just states the syllables, unable to disambiguate homophones.",Disambiguates by decomposition: 弓长张 (the 张 made of 弓+长) vs 立早章; 木子李. Or '国家的国'. Surname first.,,,2 – clearly off,
5bee7208966b169fb96a,zh,retained_factor_clause,"Numbers (word-forms, gender, dates)","Phone/code digit readout: 幺 for 1, 两 for 2",Reads phone numbers and codes digit-by-digit as 一 (yī) for every 1 and 二 (èr) for 2.,"On the phone, 1 is read 幺 (yāo) to avoid confusion with 七: 13800138000 → 幺三八零零幺三八零零零. Zero is 零 (líng).",,,3 – breaks the illusion,
65d4d80542d8865c967f,zh,retained_factor_clause,"Numbers (word-forms, gender, dates)",Money: 块/毛 in speech vs 元/角 in writing,"Says 元 (yuán) and 角 (jiǎo) aloud, or appends a stray measure word.","Colloquial speech uses 块 (kuài) for yuan and 毛 (máo) for jiao: 三百二十块五, 两块五毛. 元/角 sound like reading a written receipt aloud.",,,2 – clearly off,
6d99944cf15b28008e04,zh,retained_factor_clause,Idiom & word-choice,了 for completed/changed state,Omits aspectual 了 (le) where a state change occurred (我收到邮件 instead of 我收到邮件了).,"Marks completion with 了: 我已经付款了, 航班取消了, 好了. Missing 了 makes completed actions sound like generic statements.",,,2 – clearly off,
7eacf2c8c5d4050502c4,zh,retained_factor_clause,Measure words (量词),"Domain-specific measure words, not default 个","Overuses 个 (gè) for everything: 一个票, 一个航班, 一个行李.","Selects the right classifier: 一张票/机票 (zhāng), 一个航班 or 一班飞机 (bān), 一件行李 (jiàn), 一位 (wèi, polite for people), 一笔退款/费用 (bǐ, for sums), 一份订单 (fèn).",,,2 – clearly off,"“一架航班” sounds better than ""一个航班“"
8123c1a3c62371959c40,zh,retained_factor_clause,Disfluencies & fillers,Native hesitation fillers vs English-style ones,"Inserts 'um/uh', or over-literal 好的好的好的, or written 那么 as a filler.","Uses 那个 (nèige) and 这个 as hesitation fillers, 就是 as a stall, 嗯 as a thinking sound, 然后 to chain. e.g. 那个…我想问一下.",,,2 – clearly off,
9897fbce5550e9cd561b,zh,retained_factor_clause,Tones (meaning/word choice),买 mǎi vs 卖 mài (buy vs sell),"Produces the wrong tone, saying 卖 (mài, sell) when meaning 买 (mǎi, buy) — reversing who does what.","Keeps them distinct: 我想买一张票 (I want to buy a ticket) vs 卖 (sell). A tone flip here yields a real, wrong word.",,,3 – breaks the illusion,
ab0ff5ac5e63dceb8838,zh,retained_factor_clause,Domain terminology,Native airline/CS terms vs English-calqued ones,"Code-switches or calques: says 'flight' / 'booking' / 'refund', or invents 飞行 for flight.","Uses established terms: 航班 (flight), 预订/订票 (booking), 退款 (refund), 改签 (rebook/change), 退票 (ticket refund), 值机 (check-in), 登机牌 (boarding pass), 订单号 (order number).",,,3 – breaks the illusion,
bb98ceb80742d9abbd6d,zh,retained_factor_clause,二 vs 两 / numbers,二 vs 两 before measure words and amounts,"Says 二个人, 二张票, 二点钟, 二百块 by mapping the digit 2 directly.","Uses 两 (liǎng) before measure words and most quantities: 两个人, 两张票, 两点 (2 o'clock), 两百块. 二 (èr) is only the bare digit/ordinal: 第二, 二楼.",,,3 – breaks the illusion,
c1d2de62f1ab58abdd41,zh,retained_factor_clause,Register & formality,您 vs 你 in service register,"Defaults to flat 你 (nǐ) throughout, sounding blunt to an agent.","Caller and agent both lean on 您 (nín) in service calls: 您好, 请问您…. Pure 你 reads as curt.",,,2 – clearly off,
cdfd7b68667aaed1eb7b,zh,retained_factor_clause,Symbols & code-switching,Verbalizing email @ and . natively,"Says English 'at' and 'dot', or literal 在 / 点点 for @ and the dot.","@ spoken as '艾特' (àitè) or 'at'; dot is 点 (diǎn). e.g. abc@gmail.com → 'a-b-c 艾特 gmail 点 com'. Underscore _ is 下划线, hyphen - is 横杠/减号.",,,2 – clearly off,
d602ebaa27d23d7d59c2,zh,retained_factor_clause,"Entities (booking refs, codes)",Alphanumeric PNR/code readout,"Reads codes as run-together English letters, no segmentation.","Reads record locators letter-by-letter, clarifying with 大写 (uppercase); reads separators - as 杠/横杠, / as 斜杠; uses 幺 for 1 inside codes. e.g. 订单号是 A 幺 三 杠 七.",,,2 – clearly off,
03c3b9461e83bc60863b,zh,speaker_observation,Idiom & word-choice,Direct translation of English phrasing,我给你拆一下啊,我给你拼读一下,拆→拼读,Task 42_zh 0:55,3 – breaks the illusion,
048debfd2b8460493645,zh,speaker_observation,Idiom & word-choice,Direct translation of English phrasing,我的 gift card 跟 voucher 还有多少余额啊？,我的 gift card 跟 voucher 还有剩多少钱啊？,还有多少余额→剩多少钱,Task 14_zh0:05.200,1 – subtle,
16275ecc75ff670965e5,zh,speaker_observation,Domain terminology,凭证 vs 代金券 (voucher),能不能用我的凭证来订一下,能不能用我的代金券来订一下,凭证→代金券,Airline: Task 25_zh0:05.200,3 – breaks the illusion,
2ba5162ead1e0a5a647e,zh,speaker_observation,Idiom & word-choice,Direct translation of English travel phrasing,我即将到来的 LAS 到 DEN 往返航班,我即将出发的 LAS–DEN 往返航班,到来 → 出发,Task 11_zh 0:24.600,1 – subtle,
511c22d1aec695d1c435,zh,speaker_observation,Idiom & word-choice,Direct translation from English confirmation pattern,“是这个意思”,"“是这个意思吗？"" or ""我理解得对吗？""",是这个意思 → 是这个意思吗？,Task 11_zh 3:30.000,1 – subtle,
5451f08001cf819b113d,zh,speaker_observation,Domain terminology,Literal flight change request phrasing,"Uses the literal expression ""处理一张机票的变更""","""我想改签一张机票"", ""我想变更机票"", or ""我想改一下机票"".",我这边是想处理一张机票的变更。 → 我想改签一张机票,Task 11_zh 0:24.600,1 – subtle,
5774568a3eb607800f1e,zh,speaker_observation,Idiom & word-choice,Direct translation of English phrasing,先帮我把 upgrade 这一步做掉就行,先帮我把这一步办好就行,做掉→办好,Task 32_zh 1:04:00,3 – breaks the illusion,
5fe6939c7146c0180083,zh,speaker_observation,Idiom & word-choice,Direct translation of English phrasing,我知道规则可能比较硬,我知道规则可能比较死,硬→死,Airline: Task 28_zh2:42.000,2 – clearly off,
6cc810a35a361a0e9638,zh,speaker_observation,Idiom & word-choice,Direct translation of English travel phrasing,我要把我即将到来的这个往返航班,我要把我即将出发的这个往返航班,到来 → 出发,Airline: Task 11_zh0:05.200,1 – subtle,
70eaad3e14cc7c0e3996,zh,speaker_observation,Idiom & word-choice,Direct translation of English phrasing,先别直接关掉这个 case,先别直接结束这个案子,case→案子,Task 28_zh 1:10:000,1 – subtle,
c38b5c6b09ba5c3bb022,zh,speaker_observation,Idiom & word-choice,Direct translation of English phrasing,你先别直接关掉嘛,你先别挂断,关掉→挂断,Airline: Task 28_zh2:32.600,1 – subtle,
ffd6a597b5c9982474a6,zh,speaker_observation,Idiom & word-choice,Direct translation of English phrasing,电话或者邮件我这边现在没在手边诶,我现在手边没有电话和邮箱信息,没在手边→手边没有,Airline: Task 26_zh2:10.000,1 – subtle,
